Date,soil_moisture,distance
2017-01-01,0.1619357,9.62729105099041
2017-01-02,0.17970578,9.789345820225742
2017-01-03,0.13893537,8.682585543352946
2017-01-04,0.14114188,232.60435841342
2017-01-05,0.13733369,7.819751169946877
2017-01-06,0.09861715,653.6666151760528
2017-01-07,0.16372634,8.72095525918622
2017-01-08,0.1639215,8.948119171720379
2017-01-09,0.15647669,7.016946291639414
2017-01-10,0.14869577,93.31454287835224
2017-01-11,0.14312874,8.749946928399824
2017-01-12,0.16816747,9.64769109973545
2017-01-13,0.093517184,329.0965048741649
2017-01-14,0.13881062,8.516071782993626
2017-01-15,0.13685927,183.30171708811423
2017-01-16,0.19912769,8.479869229621439
2017-01-17,0.06983318,478.2097512661087
2017-01-18,0.164004,9.63739349889388
2017-01-19,0.21605659,7.831664853274462
2017-01-20,0.0931194,477.1979672224524
2017-01-21,0.1391077,8.326931121317918
2017-01-22,0.17759565,43.16640217656637
2017-01-23,0.18382047,8.313125595295386
2017-01-24,0.17676006,8.812342155936571
2017-01-25,0.16369197,7.888699490978406
2017-01-26,0.16756561,7.629947423108011
2017-01-27,0.16765028,93.60658195313717
2017-01-28,0.16456953,8.251291095539148
2017-01-29,0.1806612,371.2011493046829
2017-01-30,0.14216025,7.929221540149693
2017-01-31,0.090466894,518.0769990774202
2017-02-01,0.16482314,8.807942731690034
2017-02-02,0.01758852,475.08095407609466
2017-02-03,0.1475962,9.617432585789462
2017-02-04,0.14518999,9.413980896133769
2017-02-05,0.14194714,230.8861159798674
2017-02-06,0.15894333,7.596805505946215
2017-02-07,0.14737622,187.61894501770232
2017-02-08,0.1592726,8.203600166638761
2017-02-09,0.15866686,8.433749591005835
2017-02-10,0.14611131,8.031468268844211
2017-02-11,0.14291005,101.1835394042521
2017-02-12,0.14837253,91.63474592043436
2017-02-13,0.15493211,7.877887558757131
2017-02-14,0.12453434,335.96705009054205
2017-02-15,0.2148046,7.564184755864063
2017-02-16,0.08870845,520.4171890884398
2017-02-17,0.2082027,8.814950807979795
2017-02-18,0.1986105,8.584516905362578
2017-02-19,0.15279777,8.183662890562108
2017-02-20,0.21551555,8.075197855027273
2017-02-21,0.16174209,9.448253460631191
2017-02-22,0.14808123,8.107946177544548
2017-02-23,0.14745522,23.677557790223837
2017-02-24,0.18094029,8.074528428503445
2017-02-25,0.16761741,8.482432086248917
2017-02-26,0.14410941,9.06001021052157
2017-02-27,0.16904847,8.138864806218628
2017-02-28,0.14326201,8.26302653063724
2017-03-01,0.16390398,9.992934619137204
2017-03-02,0.1312529,8.587385278557882
2017-03-03,0.15943952,8.996204975396228
2017-03-04,0.14739265,91.00798437141952
2017-03-05,0.15867934,8.741006429664834
2017-03-06,0.059538078,470.8252236452789
2017-03-07,0.15970698,8.68391855033883
2017-03-08,0.16411266,7.83945761980294
2017-03-09,0.1353941,8.808884536325747
2017-03-10,0.13221906,9.001253400949254
2017-03-11,0.13021095,660.1271447423375
2017-03-12,0.1447227,8.150665214893777
2017-03-13,0.12939644,380.0685224054717
2017-03-14,0.12368948,7.649153167633503
2017-03-15,0.14971864,100.65492630341149
2017-03-16,0.14048477,94.9233347422711
2017-03-17,0.14388612,8.875647161452294
2017-03-18,0.18343465,372.756410979401
2017-03-19,0.14334,9.174602318203013
2017-03-20,0.11401814,516.7568359481052
2017-03-21,0.13507177,8.48890412611095
2017-03-22,0.14171241,7.892079985529715
2017-03-23,0.13212238,9.667191997825304
2017-03-24,0.13477954,8.735548291183276
2017-03-25,0.10120092,475.0715271590835
2017-03-26,0.13533887,9.230228578324544
2017-03-27,0.12434582,44.28532442046988
2017-03-28,0.13359486,9.919430979958788
2017-03-29,0.117556095,330.9376736248087
2017-03-30,0.14150673,7.5949392957862205
2017-03-31,0.14833805,8.004620005772251
2017-04-01,0.097931385,100.34684790857212
2017-04-02,0.17629372,7.475628884105307
2017-04-03,0.18622291,380.72253579386455
2017-04-04,0.13718516,8.837903205486501
2017-04-05,0.15025844,32.822647244213364
2017-04-06,0.1426622,8.617667247572816
2017-04-07,0.15177883,8.801510024022209
2017-04-08,0.13962874,8.652225515456562
2017-04-09,0.13571313,8.7963608360757
2017-04-10,0.15578806,242.43903946176485
2017-04-11,0.14244513,9.606063638938611
2017-04-12,0.16806325,524.5567134089246
2017-04-13,0.14011386,9.804757087291406
2017-04-14,0.14737254,344.6123332977154
2017-04-15,0.16860625,8.186858349585252
2017-04-16,0.1397171,86.07519355562054
2017-04-17,0.10453146,611.8972080762605
2017-04-18,0.1501809,7.9556383715511325
2017-04-19,0.13146986,9.458306537548546
2017-04-20,0.13927792,9.65137564187168
2017-04-21,0.111969694,677.7419097441272
2017-04-22,0.14306736,7.795394111186331
2017-04-23,0.047482446,496.061201236032
2017-04-24,0.14036287,7.732485389941109
2017-04-25,0.13856058,9.332069602790805
2017-04-26,0.11640835,458.1703146332525
2017-04-27,0.14617915,8.761606180733658
2017-04-28,0.14058755,53.31342185016057
2017-04-29,0.1517568,9.034708471151074
2017-04-30,0.1311873,360.5133755142357
2017-05-01,0.14026543,10.091532438096792
2017-05-02,0.14479275,8.315146334864847
2017-05-03,0.1031874,108.6415132468957
2017-05-04,0.14731285,9.087364611166985
2017-05-05,0.14603277,8.62940126126258
2017-05-06,0.1463955,7.499571327146541
2017-05-07,0.12475414,503.8095335326096
2017-05-08,0.1541386,9.207549413732258
2017-05-09,0.15331721,222.8411951210549
2017-05-10,0.16311829,9.72571873438429
2017-05-11,0.16462918,8.725429333184161
2017-05-12,0.19162102,248.2868541281463
2017-05-13,0.15133537,8.101672841350563
2017-05-14,0.13728015,49.57958563607035
2017-05-15,0.16150148,8.272821967087381
2017-05-16,0.12811965,343.2162728162276
2017-05-17,0.15385114,9.221805259055303
2017-05-18,0.1597907,87.20939196019195
2017-05-19,0.15481247,7.976851326583491
2017-05-20,0.21981485,8.894529157457907
2017-05-21,0.11121544,318.2815920939692
2017-05-22,0.20972385,7.71376225366242
2017-05-23,0.14282979,192.59955870407975
2017-05-24,0.15199068,8.164882904341718
2017-05-25,0.16554227,227.98339615732064
2017-05-26,0.15589309,8.14669681370683
2017-05-27,0.1541493,7.963465827524187
2017-05-28,0.15184534,8.631222196010667
2017-05-29,0.20879684,9.398838360769348
2017-05-30,0.14357378,172.9901264026636
2017-05-31,0.14801884,7.3970319707842895
2017-06-01,0.19163725,8.666698476928675
2017-06-02,0.16438071,8.875980593736836
2017-06-03,0.19225326,8.33367989695387
2017-06-04,0.13174964,102.0717140350452
2017-06-05,0.15343049,8.02037953839704
2017-06-06,0.20338137,381.7400623451542
2017-06-07,0.14518844,8.375535706777855
2017-06-08,0.15790443,672.946433539592
2017-06-09,0.15326516,7.631666123190746
2017-06-10,0.15826938,9.438034452531507
2017-06-11,0.15465762,9.267172397098108
2017-06-12,0.15678123,9.65149244607744
2017-06-13,0.15896435,238.29191380315237
2017-06-14,0.15588087,8.720915589679302
2017-06-15,0.13169742,43.57341278440766
2017-06-16,0.16136499,9.879763972418424
2017-06-17,0.120662116,330.50735151781714
2017-06-18,0.1550478,7.5497333153898145
2017-06-19,0.16439031,93.7030490774332
2017-06-20,0.15459925,8.247473693419517
2017-06-21,0.16754247,9.05862475379889
2017-06-22,0.15458356,8.677950013884825
2017-06-23,0.1653737,8.502503516914032
2017-06-24,0.13282403,670.8006294581952
2017-06-25,0.16271374,8.47605480258816
2017-06-26,0.049999997,476.6097029687948
2017-06-27,0.20489421,8.788359633499443
2017-06-28,0.15770742,8.84043220477454
2017-06-29,0.15389018,7.470051721198322
2017-06-30,0.1600914,8.08718319823656
2017-07-01,0.15588558,517.6680780558893
2017-07-02,0.17163782,9.246749185660814
2017-07-03,0.15733771,8.199048563112564
2017-07-04,0.15597264,7.438611798939029
2017-07-05,0.16699733,96.1748599702925
2017-07-06,0.13953432,93.92846615884932
2017-07-07,0.16460346,7.4370648330932605
2017-07-08,0.18047847,368.30420544761216
2017-07-09,0.15834734,20.315592949821305
2017-07-10,0.14297627,524.3335951022551
2017-07-11,0.1653334,7.461213112277786
2017-07-12,0.16204926,246.5011119392928
2017-07-13,0.15365635,8.04432990323607
2017-07-14,0.15391982,8.293565737563291
2017-07-15,0.13054003,490.0321725137956
2017-07-16,0.17140085,8.6347071273131
2017-07-17,0.15026297,23.560622330668185
2017-07-18,0.16722198,8.244919464170751
2017-07-19,0.14665683,316.6256819192432
2017-07-20,0.1594314,9.07460075755902
2017-07-21,0.16658255,7.68554726909694
2017-07-22,0.15456297,7.977761397429489
2017-07-23,0.16648981,8.603455784601485
2017-07-24,0.20354475,361.80229140219495
2017-07-25,0.15531223,8.248175792540636
2017-07-26,0.13277613,651.6512471743171
2017-07-27,0.16269535,7.024951096485074
2017-07-28,0.18157536,459.4018295447525
2017-07-29,0.16364288,9.136720406084669
2017-07-30,0.15565038,7.78444082700718
2017-07-31,0.16109435,8.459759646095392
2017-08-01,0.16844484,7.629945203543697
2017-08-02,0.15124497,20.238339250024943
2017-08-03,0.18141884,9.238769452873226
2017-08-04,0.16567238,8.420570066087825
2017-08-05,0.16346708,9.33713595960836
2017-08-06,0.1654474,9.578435469807236
2017-08-07,0.15165836,80.29448144062023
2017-08-08,0.16050825,8.933665985525211
2017-08-09,0.18187653,360.14160520840466
2017-08-10,0.18683212,7.596595385503204
2017-08-11,0.102745265,532.2707498514916
2017-08-12,0.16321965,7.903433627549151
2017-08-13,0.15758678,252.04261111719575
2017-08-14,0.15084,7.85832458476523
2017-08-15,0.16104446,9.524451041930057
2017-08-16,0.150388,216.84063629901365
2017-08-17,0.14906578,8.909299056664173
2017-08-18,0.1521642,197.46875196092404
2017-08-19,0.15834284,8.310226592785575
2017-08-20,0.15551029,310.6849205245668
2017-08-21,0.15040882,8.240794031019943
2017-08-22,0.15745187,114.38019420943036
2017-08-23,0.14648958,8.796609372382328
2017-08-24,0.15295137,7.416601760538116
2017-08-25,0.17374286,358.2192708694401
2017-08-26,0.15565078,8.754903353029725
2017-08-27,0.16877455,56.93696884741634
2017-08-28,0.19942325,8.754221495772859
2017-08-29,0.093320854,493.17871521482175
2017-08-30,0.14541133,6.881343712237082
2017-08-31,0.15928991,7.822002891012226
2017-09-01,0.14177924,9.080440518108045
2017-09-02,0.15458018,9.811923576047644
2017-09-03,0.11364523,673.0572949735941
2017-09-04,0.14809868,8.274747562695444
2017-09-05,0.17072837,310.5665724388276
2017-09-06,0.15707754,8.548920634297604
2017-09-07,0.1606088,115.06971572850344
2017-09-08,0.10807613,77.1909702455527
2017-09-09,0.1631907,9.96517952763456
2017-09-10,0.14813818,8.36742169408627
2017-09-11,0.15916732,8.461133260413018
2017-09-12,0.102551535,532.8486310422714
2017-09-13,0.1560365,9.085190759799223
2017-09-14,0.1593811,458.02549781371897
2017-09-15,0.15943441,8.613459217139413
2017-09-16,0.16347538,6.914980363191034
2017-09-17,0.16029263,7.761585533643534
2017-09-18,0.163242,9.62491046776609
2017-09-19,0.14778924,21.009927738406667
2017-09-20,0.16467436,9.283827552953182
2017-09-21,0.11633765,393.7818352791581
2017-09-22,0.15858051,8.427007898873123
2017-09-23,0.1700587,8.579613930841115
2017-09-24,0.12921554,79.12184004760385
2017-09-25,0.16199726,8.13543417579598
2017-09-26,0.111162424,360.60037190861766
2017-09-27,0.15344268,8.916636107723772
2017-09-28,0.15134425,71.24669998140324
2017-09-29,0.15436369,7.128898931035501
2017-09-30,0.1432355,250.7405569237023
2017-10-01,0.16366388,8.66163040670147
2017-10-02,0.19538361,9.61262857121812
2017-10-03,0.10265058,491.1689225073116
2017-10-04,0.16586153,8.656403634418714
2017-10-05,0.15304463,667.5049641667772
2017-10-06,0.18019019,7.863901892365835
2017-10-07,0.17787515,8.622825858972996
2017-10-08,0.16358942,8.363349061190489
2017-10-09,0.16562055,7.401893010250148
2017-10-10,0.11829555,82.53058685144535
2017-10-11,0.14477451,7.355617596264779
2017-10-12,0.18054798,364.2345783261418
2017-10-13,0.15162092,9.858458644728891
2017-10-14,0.12271896,526.4676704650658
2017-10-15,0.1425938,9.387754181493635
2017-10-16,0.16041479,8.218228566566513
2017-10-17,0.15650794,8.644901627502733
2017-10-18,0.15113857,9.210562095941013
2017-10-19,0.14456847,228.25763244604735
2017-10-20,0.15905596,9.372780098913124
2017-10-21,0.14228575,28.217388761961278
2017-10-22,0.15406397,8.557940338218591
2017-10-23,0.13653731,323.3749822966446
2017-10-24,0.15262578,9.394510083191824
2017-10-25,0.15896697,8.246854258535143
2017-10-26,0.1548241,7.949178436877457
2017-10-27,0.16400455,7.926269124821669
2017-10-28,0.15054691,8.69519313887454
2017-10-29,0.16070363,7.185881611530361
2017-10-30,0.15503398,658.782940823279
2017-10-31,0.16222554,8.614526838943917
2017-11-01,0.14010558,238.6098179139282
2017-11-02,0.16302165,7.987302753795429
2017-11-03,0.14956814,8.010979169923258
2017-11-04,0.17643744,234.6573633955281
2017-11-05,0.16123253,9.448890675086624
2017-11-06,0.1853342,514.5219608162465
2017-11-07,0.15809308,8.666156297276709
2017-11-08,0.10465559,374.6235380818153
2017-11-09,0.14529106,9.818830057711477
2017-11-10,0.14760916,93.27530058366987
2017-11-11,0.15947358,7.862847770631098
2017-11-12,0.15021414,9.203940489069357
2017-11-13,0.094991356,329.5664403633268
2017-11-14,0.16336879,9.29105590196662
2017-11-15,0.12780741,182.6289393557228
2017-11-16,0.17320725,9.215415642877955
2017-11-17,0.078683406,478.4854746165231
2017-11-18,0.14928398,8.969798525866794
2017-11-19,0.15978095,8.493407301334194
2017-11-20,0.1163278,474.04443952317416
2017-11-21,0.14781176,8.994629902551928
2017-11-22,0.14131123,43.04326299816302
2017-11-23,0.16056566,8.92766678372131
2017-11-24,0.15465294,8.573484163910148
2017-11-25,0.1578428,8.929385154604146
2017-11-26,0.15528746,7.398678107026572
2017-11-27,0.09683052,95.71216758701688
2017-11-28,0.14054324,8.454393835763616
2017-11-29,0.1588018,378.5472667712331
2017-11-30,0.14822777,8.03845151749381
2017-12-01,0.112600975,671.2569939230838
2017-12-02,0.14860073,8.381197325450689
2017-12-03,0.07888741,480.4451531173648
2017-12-04,0.14367236,9.64510257138091
2017-12-05,0.15323247,9.961099892739735
2017-12-06,0.10504011,471.08379424122455
2017-12-07,0.18544918,7.450043866911066
2017-12-08,0.14436585,43.7152617140143
2017-12-09,0.21758953,8.033113912427213
2017-12-10,0.20714284,8.912591350249476
2017-12-11,0.14452206,8.618376761827554
2017-12-12,0.1986371,7.915080467120558
2017-12-13,0.10974204,101.00449544928811
2017-12-14,0.15401158,7.847118632377937
2017-12-15,0.15896873,8.65891975481413
2017-12-16,0.15684804,48.635867229242834
2017-12-17,0.08717838,509.1387489723864
2017-12-18,0.13019453,7.873469059689955
2017-12-19,0.14586778,8.388612635210674
2017-12-20,0.18235639,8.230350346408875
2017-12-21,0.18752535,8.882919148713404
2017-12-22,0.14163789,238.87490073267188
2017-12-23,0.19359528,7.960834488305072
2017-12-24,0.13613021,45.72001432456842
2017-12-25,0.18576662,7.379007616750886
2017-12-26,0.11058208,334.74563809986535
2017-12-27,0.13145095,8.288392301119666
2017-12-28,0.14723206,90.27850908971624
2017-12-29,0.16013275,10.243616878980742
2017-12-30,0.17510763,7.040375393402883
2017-12-31,0.16918932,379.7346486882721
2018-01-01,0.15298505,7.180723641040161
2018-01-02,0.11848601,670.3963846454405
2018-01-03,0.15482114,8.73633524099018
2018-01-04,0.15485145,229.3958416020216
2018-01-05,0.14307433,9.55103326495242
2018-01-06,0.15488677,9.264223957045878
2018-01-07,0.15317088,237.82564848406128
2018-01-08,0.16135076,7.95239157882402
2018-01-09,0.11181149,649.1716656020903
2018-01-10,0.14241701,7.355505785014974
2018-01-11,0.108187385,335.0815039298153
2018-01-12,0.14872038,9.285880130357947
2018-01-13,0.14559792,90.3141367546245
2018-01-14,0.14051704,8.862370285212194
2018-01-15,0.14097676,8.606125917637351
2018-01-16,0.13878469,8.309840195206673
2018-01-17,0.15625265,8.099056663331188
2018-01-18,0.09221516,509.17635528622935
2018-01-19,0.15476388,9.20250195738348
2018-01-20,0.033538636,482.6048121790926
2018-01-21,0.14279746,7.871752933282118
2018-01-22,0.15866522,8.855718068099542
2018-01-23,0.14472349,9.225702763383827
2018-01-24,0.15959866,7.602581842988733
2018-01-25,0.11786825,648.2520256183709
2018-01-26,0.14722088,7.886281770749823
2018-01-27,0.0823711,368.5128794707054
2018-01-28,0.16834834,9.11628759272953
2018-01-29,0.16581959,8.674256272906025
2018-01-30,0.104989134,101.20947768669706
2018-01-31,0.15852629,8.446612328908769
2018-02-01,0.17104241,381.86944901880776
2018-02-02,0.14981048,8.559359651392484
2018-02-03,0.16855025,672.517999239579
2018-02-04,0.1349068,9.790144047045032
2018-02-05,0.15796828,8.74086825369799
2018-02-06,0.13763264,8.64490983804777
2018-02-07,0.13630882,8.609848039318365
2018-02-08,0.10649218,469.3284827416561
2018-02-09,0.15857719,9.795739813002848
2018-02-10,0.14385481,173.3610393489056
2018-02-11,0.14071748,8.743626480636399
2018-02-12,0.1546844,8.40556960856317
2018-02-13,0.15773425,9.33086661137121
2018-02-14,0.13606152,84.55578505301885
2018-02-15,0.14211437,7.120539354589836
2018-02-16,0.13883257,9.528117138574418
2018-02-17,0.14819536,8.82120736783373
2018-02-18,0.15646206,8.206224493530696
2018-02-19,0.094721906,504.4677145396914
2018-02-20,0.16829817,8.511412578923979
2018-02-21,0.12388183,493.00841803968217
2018-02-22,0.1543977,9.272835310243524
2018-02-23,0.1563203,8.33939639900786
2018-02-24,0.109953,469.0963313299436
2018-02-25,0.24975665,8.717325030488345
2018-02-26,0.12754767,42.97807057273289
2018-02-27,0.1593989,8.08976934760105
2018-02-28,0.1322253,331.2053895077293
2018-03-01,0.1568267,8.258101362951425
2018-03-02,0.15167461,93.880327258648
2018-03-03,0.14364739,9.20315890416612
2018-03-04,0.14357905,8.644861468264923
2018-03-05,0.18968265,372.4893795348562
2018-03-06,0.1516942,7.506193165892386
2018-03-07,0.13151313,178.55552775387153
2018-03-08,0.16099605,7.866526189118583
2018-03-09,0.06876377,470.948670111097
2018-03-10,0.15048096,9.093152152833037
2018-03-11,0.14428945,9.525804429173723
2018-03-12,0.14005752,8.404186392675566
2018-03-13,0.1441978,9.600757121572116
2018-03-14,0.1475121,192.6853354663034
2018-03-15,0.16251299,8.92392378392135
2018-03-16,0.11437046,383.6795814362595
2018-03-17,0.14420196,9.875100819890084
2018-03-18,0.15680376,9.532393580925836
2018-03-19,0.15723923,90.8609984067122
2018-03-20,0.13882266,8.398633749810452
2018-03-21,0.14058541,8.648753268916135
2018-03-22,0.15310681,8.671596798483902
2018-03-23,0.13477924,518.2832259951
2018-03-24,0.13659076,8.763190202644385
2018-03-25,0.06835515,475.0144300778757
2018-03-26,0.13979545,7.998943851139998
2018-03-27,0.14019774,8.052864972058611
2018-03-28,0.18944553,71.69360908638367
2018-03-29,0.14582841,8.647696357827366
2018-03-30,0.13867435,43.51834013664564
2018-03-31,0.1623961,8.802617625278625
2018-04-01,0.13217786,374.1875414902647
2018-04-02,0.14981517,9.386958171189212
2018-04-03,0.15054497,7.678931144293884
2018-04-04,0.10729825,99.22283250417831
2018-04-05,0.1407693,8.816381274615622
2018-04-06,0.19754887,381.04098911451473
2018-04-07,0.1332816,8.473134367639672
2018-04-08,0.23388115,673.609927901655
2018-04-09,0.14550175,9.25831570714734
2018-04-10,0.15395379,7.648054112028592
2018-04-11,0.14363952,8.443226859474196
2018-04-12,0.14124385,7.5335587532847805
2018-04-13,0.15697114,251.4693907699818
2018-04-14,0.1603559,9.235396253177516
2018-04-15,0.13343179,49.24249627710303
2018-04-16,0.15002497,7.643728688466598
2018-04-17,0.11863648,345.6238178402496
2018-04-18,0.14665297,8.311956338996218
2018-04-19,0.18171364,84.23499485094234
2018-04-20,0.108938545,607.6363963654655
2018-04-21,0.171347,9.60336369935347
2018-04-22,0.10957538,310.1758919695642
2018-04-23,0.14225583,8.763413431783292
2018-04-24,0.15779294,202.69727872656148
2018-04-25,0.13676864,42.83281057177768
2018-04-26,0.044015188,497.0317041386948
2018-04-27,0.15618992,9.537405300047478
2018-04-28,0.16681065,8.634620577241856
2018-04-29,0.11622753,458.8442901710621
2018-04-30,0.15837228,10.022780964879662
2018-05-01,0.16578537,165.05650864199464
2018-05-02,0.15882562,9.007421687937654
2018-05-03,0.16136394,8.976038487292772
2018-05-04,0.16439568,31.180282136733137
2018-05-05,0.18371548,84.72267642199667
2018-05-06,0.12080726,107.16649451236948
2018-05-07,0.15832052,7.479845037324751
2018-05-08,0.18330738,388.2084197953249
2018-05-09,0.16262016,8.316194843347393
2018-05-10,0.12888037,504.9822073765208
2018-05-11,0.1544451,8.55633356131558
2018-05-12,0.16183057,224.33890290785223
2018-05-13,0.16512847,8.498482372499554
2018-05-14,0.1667787,10.0308088927296
2018-05-15,0.1107699,464.8672164624392
2018-05-16,0.15744573,8.698502244587509
2018-05-17,0.1407281,47.90407651448449
2018-05-18,0.15773307,9.487012917116488
2018-05-19,0.1327742,341.08695340435094
2018-05-20,0.16235167,8.746494667093566
2018-05-21,0.18634063,8.05788261528574
2018-05-22,0.1450415,9.112978463881086
2018-05-23,0.16388589,9.80908295589584
2018-05-24,0.18805923,384.37162496856536
2018-05-25,0.16000298,9.055764474939
2018-05-26,0.16048181,32.13708494581967
2018-05-27,0.16294792,9.551532740125056
2018-05-28,0.0772708,483.06567573977946
2018-05-29,0.16473842,8.905581555279591
2018-05-30,0.16016646,7.96566000398306
2018-05-31,0.16211845,240.8147756477199
2018-06-01,0.1626438,7.833430740838573
2018-06-02,0.14184055,45.324767169890265
2018-06-03,0.16845547,7.97458926497104
2018-06-04,0.18473329,8.188726884548567
2018-06-05,0.16378643,7.822490867335016
2018-06-06,0.16640201,7.658685852780335
2018-06-07,0.10569182,101.29529723225
2018-06-08,0.1707661,7.64620183552623
2018-06-09,0.19214821,381.1744604088679
2018-06-10,0.16805303,8.345244378305754
2018-06-11,0.1298234,511.43329583096585
2018-06-12,0.17318326,9.025494531321982
2018-06-13,0.16940184,9.21930266860074
2018-06-14,0.16525123,8.466718225192908
2018-06-15,0.16663183,9.544221519184727
2018-06-16,0.17023835,238.8155297286268
2018-06-17,0.1704391,8.845315879460236
2018-06-18,0.12027622,651.8729623191084
2018-06-19,0.16504481,8.96650634756836
2018-06-20,0.12910835,330.14678178480244
2018-06-21,0.16598824,7.912999538596381
2018-06-22,0.1679321,93.39183782187776
2018-06-23,0.1655846,8.77372859283832
2018-06-24,0.17912786,8.364131127283665
2018-06-25,0.20031159,375.8521929913633
2018-06-26,0.17334,8.098730906407688
2018-06-27,0.12581858,671.5277949397135
2018-06-28,0.17434198,8.307936004999368
2018-06-29,0.049999997,476.5388985324089
2018-06-30,0.16560407,8.263178229610826
2018-07-01,0.1785956,7.318109246002
2018-07-02,0.09569405,479.6688349936472
2018-07-03,0.17376442,9.420731407664784
2018-07-04,0.11034527,654.8454878712595
2018-07-05,0.16278431,7.168195685595271
2018-07-06,0.17799099,8.356829316635851
2018-07-07,0.184373,8.019618461462866
2018-07-08,0.19272296,9.78512345843721
2018-07-09,0.1737109,104.4999281819694
2018-07-10,0.1788615,8.02904536101385
2018-07-11,0.10996713,332.9511337858427
2018-07-12,0.17971258,7.543365776334117
2018-07-13,0.15400301,518.2588669536743
2018-07-14,0.1821942,7.812169298144518
2018-07-15,0.049999997,470.1282923740992
2018-07-16,0.17349604,9.421016307925717
2018-07-17,0.18159322,8.708104429123077
2018-07-18,0.15013422,231.0976513484277
2018-07-19,0.18691431,7.300476521379203
2018-07-20,0.16743,29.646069102900743
2018-07-21,0.18130891,7.842233106252217
2018-07-22,0.12425966,323.63710221607147
2018-07-23,0.17795427,8.853598201479606
2018-07-24,0.18359275,7.584104530892294
2018-07-25,0.1526754,90.92950079759788
2018-07-26,0.18139528,7.210082996519336
2018-07-27,0.2012183,368.8667757796928
2018-07-28,0.18039447,8.66408625498868
2018-07-29,0.16483077,175.41589583130997
2018-07-30,0.17760982,9.13263546221384
2018-07-31,0.19663027,248.56238163394684
2018-08-01,0.17573842,9.288803066714925
2018-08-02,0.1866254,9.47003406740256
2018-08-03,0.17800374,7.802409659394839
2018-08-04,0.17968419,7.626017293552908
2018-08-05,0.09879194,662.7507923511807
2018-08-06,0.17838357,10.248452314919495
2018-08-07,0.11275439,384.3541005580464
2018-08-08,0.18455173,10.312845474812717
2018-08-09,0.18628614,8.863831910422126
2018-08-10,0.1449984,84.33247570885416
2018-08-11,0.20713775,8.838699013070974
2018-08-12,0.18121372,364.8483502845127
2018-08-13,0.18319747,9.009452492410627
2018-08-14,0.11606353,525.1256165638708
2018-08-15,0.20398338,9.787544597408038
2018-08-16,0.18295154,9.58785085327414
2018-08-17,0.18193838,7.282776038544944
2018-08-18,0.1767403,9.311378529166996
2018-08-19,0.11103596,485.85146503448857
2018-08-20,0.18396595,9.261660313398377
2018-08-21,0.16797519,26.59125071505313
2018-08-22,0.18139854,7.839956707989639
2018-08-23,0.12851125,319.3705116646093
2018-08-24,0.1770715,10.086761438673728
2018-08-25,0.1797087,7.788024505963115
2018-08-26,0.16970119,9.392590587727597
2018-08-27,0.18889004,9.107478372431476
2018-08-28,0.11288597,338.0710170914974
2018-08-29,0.17923534,7.644616865829199
2018-08-30,0.17785378,44.07356153078473
2018-08-31,0.18051794,7.171867687534567
2018-09-01,0.18320623,247.14541750624863
2018-09-02,0.17938684,8.595972971617993
2018-09-03,0.18711482,9.23376090172505
2018-09-04,0.10410318,486.0950130771726
2018-09-05,0.23795398,31.313162873297014
2018-09-06,0.12099223,503.9537415108756
2018-09-07,0.18630667,7.348919624718796
2018-09-08,0.14486468,386.1353868527027
2018-09-09,0.20558259,8.962530830015686
2018-09-10,0.18503506,109.9576554106744
2018-09-11,0.20643045,9.48749337481469
2018-09-12,0.19769552,9.16386460888102
2018-09-13,0.1854166,8.808683844208936
2018-09-14,0.20413648,9.3866574493369
2018-09-15,0.19705245,114.2557326156296
2018-09-16,0.19245434,7.97738360606399
2018-09-17,0.15496215,468.1321238876193
2018-09-18,0.193722,9.220227361433563
2018-09-19,0.21444716,8.047835105006481
2018-09-20,0.16955559,9.056323792733178
2018-09-21,0.18520266,8.485418043086348
2018-09-22,0.1947087,118.2325371633424
2018-09-23,0.20712073,7.700267337258007
2018-09-24,0.21283701,8.434756713852506
2018-09-25,0.19477296,8.1913157309471
2018-09-26,0.18453148,9.235337637999915
2018-09-27,0.13688104,83.70847244228155
2018-09-28,0.16165352,9.074366826846251
2018-09-29,0.1842875,365.1592294848495
2018-09-30,0.16576912,8.706127934959095
2018-10-01,0.18836743,655.0367285240096
2018-10-02,0.17570761,7.301741652408602
2018-10-03,0.15160461,469.49195080764633
2018-10-04,0.16117854,9.469054971145168
2018-10-05,0.1600188,7.471862722139806
2018-10-06,0.15777662,227.79164739431025
2018-10-07,0.16075195,8.386785753893236
2018-10-08,0.15100169,27.283578619536662
2018-10-09,0.18289131,9.627025610247996
2018-10-10,0.102099165,384.3426115802994
2018-10-11,0.16325787,8.224309632159938
2018-10-12,0.18621124,9.79165023458139
2018-10-13,0.1703448,89.75715872163387
2018-10-14,0.18143722,9.806067001549348
2018-10-15,0.14742608,8.516147488928116
2018-10-16,0.1945169,8.08101493895616
2018-10-17,0.1464577,521.1098588650184
2018-10-18,0.16724527,9.095384271473511
2018-10-19,0.18108746,8.550424004923755
2018-10-20,0.17236593,9.170548837134868
2018-10-21,0.21916528,9.029928553463376
2018-10-22,0.17385991,8.36147052317352
2018-10-23,0.20717248,7.847172290683569
2018-10-24,0.1515561,60.24720514976306
2018-10-25,0.21442655,8.35747581107409
2018-10-26,0.13064031,323.99336754412207
2018-10-27,0.20341411,7.993238326937292
2018-10-28,0.13857292,98.23464779234516
2018-10-29,0.16950487,8.224325914504803
2018-10-30,0.16989452,8.809014282755069
2018-10-31,0.20481437,370.54368057911097
2018-11-01,0.17048226,7.398755287459411
2018-11-02,0.18986179,669.6941863650435
2018-11-03,0.16423856,7.863269465955946
2018-11-04,0.2047908,8.080918574578712
2018-11-05,0.1715959,8.564354103997822
2018-11-06,0.19068483,8.039715825163432
2018-11-07,0.15334946,9.12153740403962
2018-11-08,0.15953712,7.896374967455733
2018-11-09,0.14263625,190.44136013745884
2018-11-10,0.16648121,9.50898470220782
2018-11-11,0.11241933,323.1792526365796
2018-11-12,0.16641058,9.140197335850406
2018-11-13,0.16813919,103.48853397996272
2018-11-14,0.19081365,9.485418563425329
2018-11-15,0.13526937,8.522414893120207
2018-11-16,0.09232495,336.9648179304233
2018-11-17,0.16233696,9.350023397682245
2018-11-18,0.13601555,524.5182669153385
2018-11-19,0.18301176,8.649895288147242
2018-11-20,0.06829532,468.8285843585153
2018-11-21,0.1616979,9.082199187223146
2018-11-22,0.1614039,8.191909309754172
2018-11-23,0.14847471,489.3503297681923
2018-11-24,0.1870688,9.186334289417074
2018-11-25,0.1457754,192.7733535565889
2018-11-26,0.1763546,7.664122695660173
2018-11-27,0.16477111,8.129964993104407
2018-11-28,0.16361164,9.177635716464978
2018-11-29,0.17280342,7.046273699533226
2018-11-30,0.12785205,80.88237188559194
2018-12-01,0.15995331,7.479613653006254
2018-12-02,0.1455498,8.895352401319924
2018-12-03,0.16595984,8.254160234962681
2018-12-04,0.13889456,650.7071068963864
2018-12-05,0.15874225,9.320812480858374
2018-12-06,0.14525379,467.5163285588405
2018-12-07,0.14501688,47.706362333850834
2018-12-08,0.15260793,7.704323769441964
2018-12-09,0.16424033,9.668701335803664
2018-12-10,0.17415257,8.562141545503398
2018-12-11,0.17202085,666.9073798487797
2018-12-12,0.1989112,8.753658928129814
2018-12-13,0.19132498,8.346658726894045
2018-12-14,0.1867345,7.400875296735127
2018-12-15,0.120661974,618.2016418396646
2018-12-16,0.14354198,79.35344145277669
2018-12-17,0.16377309,8.61555957297636
2018-12-18,0.12671444,359.8710391586611
2018-12-19,0.1452881,8.250228329641203
2018-12-20,0.13216427,529.7277888161477
2018-12-21,0.17648509,9.067456102353876
2018-12-22,0.17051989,249.9908712511393
2018-12-23,0.14178756,9.36993461689165
2018-12-24,0.13944478,7.817031653243938
2018-12-25,0.14197591,8.583817446997237
2018-12-26,0.14396784,8.484174948960503
2018-12-27,0.16509452,23.3734805902449
2018-12-28,0.16128689,9.929865770810952
2018-12-29,0.1625373,317.0083638693746
2018-12-30,0.18222892,8.356137833652383
2018-12-31,0.21043888,9.786676246311387
2019-01-01,0.13875954,78.8845962754181
2019-01-02,0.16854984,21.499186520696803
2019-01-03,0.1398346,359.95044627644785
2019-01-04,0.17732744,9.13616023482943
2019-01-05,0.13311374,529.3123694610838
2019-01-06,0.17156011,7.134867296937014
2019-01-07,0.16511191,250.2048629563364
2019-01-08,0.1900527,9.310511947497371
2019-01-09,0.20014656,7.8008134264016284
2019-01-10,0.08638149,493.0598134959695
2019-01-11,0.15569925,8.04344078089831
2019-01-12,0.13990977,196.02642645503056
2019-01-13,0.15332414,7.923454334079931
2019-01-14,0.14203551,318.44873396787244
2019-01-15,0.17319375,8.491776000407329
2019-01-16,0.12604414,618.0992068721321
2019-01-17,0.14781417,8.09641468702606
2019-01-18,0.14281903,9.434612881643456
2019-01-19,0.09445471,344.31271179560605
2019-01-20,0.15478268,7.466297705824552
2019-01-21,0.15956981,650.9121427587122
2019-01-22,0.16438201,8.980100384574401
2019-01-23,0.12856935,467.9086522870139
2019-01-24,0.16268437,8.287249419561908
2019-01-25,0.16892153,9.722047277490478
2019-01-26,0.0839524,492.5004434207323
2019-01-27,0.20919609,7.938982546509714
2019-01-28,0.15677485,24.918169397633395
2019-01-29,0.19254877,8.366362669527344
2019-01-30,0.08295697,386.7231213189358
2019-01-31,0.16692257,7.884741480640024
2019-02-01,0.17488666,8.798852926309449
2019-02-02,0.15042719,7.351337562707217
2019-02-03,0.17663482,7.549167097595176
2019-02-04,0.1825944,362.6191769972263
2019-02-05,0.16454494,8.625045811024224
2019-02-06,0.15042129,56.03077636144317
2019-02-07,0.16669579,7.952984790577226
2019-02-08,0.057377346,469.4493453304847
2019-02-09,0.15857376,8.156485645700661
2019-02-10,0.1436318,9.413597781551966
2019-02-11,0.15159318,7.86027526287809
2019-02-12,0.17771192,8.397061702938077
2019-02-13,0.14137219,663.9907271012389
2019-02-14,0.15617056,8.838301747206478
2019-02-15,0.11411843,321.80631916917247
2019-02-16,0.15661688,8.692030840939026
2019-02-17,0.13484006,104.11495643562832
2019-02-18,0.13422091,83.1964290735555
2019-02-19,0.14934485,8.178854795078202
2019-02-20,0.1402317,8.413804497906478
2019-02-21,0.14464925,9.307262508954471
2019-02-22,0.11687478,520.548515633411
2019-02-23,0.13914464,7.925872289769757
2019-02-24,0.06381443,471.0532980273522
2019-02-25,0.14350085,9.701171304028668
2019-02-26,0.13725542,9.040011688734236
2019-02-27,0.1374773,8.173542468730595
2019-02-28,0.14154254,8.57939606366894
2019-02-28,0.14417873,28.81218155998311
2019-03-01,0.1463412,8.432157316230427
2019-03-02,0.1170217,323.7804757290031
2019-03-03,0.15411489,7.838956995913888
2019-03-04,0.15883945,9.644042203845752
2019-03-05,0.14489065,8.27016287074752
2019-03-06,0.14992674,8.242098725029235
2019-03-07,0.13570873,9.010767751626611
2019-03-08,0.14260298,8.47054930016194
2019-03-09,0.14755239,41.2503096151852
2019-03-10,0.15277362,9.476795009910466
2019-03-11,0.024277814,472.2247253390351
2019-03-12,0.18864067,9.779865124993467
2019-03-13,0.16120066,8.501158669998715
2019-03-14,0.15733461,8.301496921582638
2019-03-15,0.1412188,8.401490536815048
2019-03-16,0.10961538,658.1036801983795
2019-03-17,0.14787994,7.864421936767056
2019-03-18,0.1503823,8.626762604170697
2019-03-19,0.13753738,7.903474983634708
2019-03-20,0.14790067,8.62468514220508
2019-03-21,0.146331,91.92502169006366
2019-03-22,0.14935629,7.956311528056002
2019-03-23,0.13587594,8.30706445516755
2019-03-24,0.14174907,8.514433629695295
2019-03-25,0.12718815,516.4695244563607
2019-03-26,0.13501596,8.499221108226362
2019-03-27,0.13565718,237.7250204074204
2019-03-28,0.14547995,8.631018931902645
2019-03-29,0.14658155,8.691149524269125
2019-03-30,0.0943721,478.1198518577434
2019-03-31,0.14232694,8.780066928443796
2019-04-01,0.13012545,43.28422087300923
2019-04-02,0.14604792,7.81693094944954
2019-04-03,0.15075181,8.431127743127679
2019-04-04,0.14607419,9.536710920437711
2019-04-05,0.14191794,93.9667419597123
2019-04-06,0.13930072,93.64673419162663
2019-04-07,0.16621386,9.118657213826324
2019-04-08,0.21374597,372.3817529529956
2019-04-09,0.16037011,9.334463711764366
2019-04-10,0.1695372,513.171563924107
2019-04-11,0.14876486,9.573817075054109
2019-04-12,0.12620622,255.73665395898675
2019-04-13,0.15958162,10.080403201319642
2019-04-14,0.1592019,7.945552190349142
2019-04-15,0.1836932,235.1916551183147
2019-04-16,0.14966422,8.89648272640353
2019-04-17,0.13509516,181.6680385224579
2019-04-18,0.14882262,8.599379825796545
2019-04-19,0.11665897,333.9670548515147
2019-04-20,0.14280854,8.897356163322515
2019-04-21,0.14517084,91.0931494228657
2019-04-22,0.14339702,8.983904401967795
2019-04-23,0.16269332,87.75898893000412
2019-04-24,0.20939013,379.4822824683028
2019-04-25,0.14119509,8.15628036211436
2019-04-26,0.21538346,670.5455826114833
2019-04-27,0.15185931,7.38216158676348
2019-04-28,0.12708384,492.2195406816051
2019-04-29,0.1407164,7.870231543241469
2019-04-30,0.14655702,9.20157558328172
2019-05-01,0.14894119,8.2297109039289
2019-05-02,0.15164644,21.388178973755917
2019-05-03,0.15849625,173.28750122307127
2019-05-04,0.14645341,8.587139166053916
2019-05-05,0.089671314,364.5345064119211
2019-05-06,0.15305185,7.3082890645729615
2019-05-07,0.18841526,8.446437418132163
2019-05-08,0.126743,103.87570763052794
2019-05-09,0.15582065,8.606463051463976
2019-05-10,0.14570615,8.58893950329149
2019-05-11,0.18590172,7.54885074481583
2019-05-12,0.16287658,503.1870050559352
2019-05-13,0.15320112,8.5683439230498
2019-05-14,0.14606787,495.2344918111803
2019-05-15,0.15169309,8.924144472549152
2019-05-16,0.15260053,8.819049744618605
2019-05-17,0.15534705,9.23795816436412
2019-05-18,0.15035343,8.759453155210474
2019-05-19,0.13777785,53.62133747496935
2019-05-20,0.15108514,8.78369540889632
2019-05-21,0.124405846,346.5831497993416
2019-05-22,0.14787069,8.956072652393512
2019-05-23,0.13872892,84.43914215165329
2019-05-24,0.10012391,106.28171957996344
2019-05-25,0.15081967,8.272820558850434
2019-05-26,0.1839149,386.5949467878772
2019-05-27,0.1455446,8.489660843372132
2019-05-28,0.1496369,33.0385961010678
2019-05-29,0.13462329,17.70384701022788
2019-05-30,0.17390987,8.523210508410283
2019-05-31,0.15402876,8.471579941350406
2019-06-01,0.15376504,9.742191863897771
2019-06-02,0.17381263,237.8507150165541
2019-06-03,0.14669268,9.529443177727396
2019-06-04,0.12303323,655.9668381885829
2019-06-05,0.18099149,9.040342790726449
2019-06-06,0.16067146,8.587939932717239
2019-06-07,0.146469,7.5549189577007265
2019-06-08,0.15389766,7.10667954184209
2019-06-09,0.17056331,93.55292598536302
2019-06-10,0.15992406,8.926568504491332
2019-06-11,0.20305724,370.8366573422264
2019-06-12,0.16614573,7.672746050496799
2019-06-13,0.14519332,176.3601689416291
2019-06-14,0.1583878,7.708275897562141
2019-06-15,0.14898032,8.942045540342757
2019-06-16,0.15868145,9.74022255883238
2019-06-17,0.18686444,10.51651159028332
2019-06-18,0.07729562,484.55479278803233
2019-06-19,0.15813836,7.6657524660622895
2019-06-20,0.1323014,28.84273416777869
2019-06-21,0.15035306,8.004605408469045
2019-06-22,0.12005334,322.5720697112144
2019-06-23,0.15066685,8.368568456940972
2019-06-24,0.15143898,8.170180356041392
2019-06-25,0.14559484,9.331406939908662
2019-06-26,0.16347453,7.727435534483366
2019-06-27,0.14531271,8.648732693981861
2019-06-28,0.1503662,7.936499159095789
2019-06-29,0.18699455,40.57573991619781
2019-06-30,0.16901486,7.695855573087081
2019-07-01,0.03844812,471.8263035363686
2019-07-02,0.14436327,9.572245308084376
2019-07-03,0.15151112,9.150082911318544
2019-07-04,0.0826305,482.105477383843
2019-07-05,0.15897514,8.15681466852666
2019-07-06,0.1687819,511.6882347087934
2019-07-07,0.15143493,7.222128982034933
2019-07-08,0.10201485,379.406485470669
2019-07-09,0.1519977,9.253294692335327
2019-07-10,0.13458478,97.23326678908946
2019-07-11,0.13163978,93.02171359171744
2019-07-12,0.14701054,8.245998737582067
2019-07-13,0.14877012,8.440576881096565
2019-07-14,0.16238303,8.956333049719296
2019-07-15,0.14847243,177.82936138796762
2019-07-16,0.15859029,7.990272243005571
2019-07-17,0.1307703,239.40310849883036
2019-07-18,0.16399296,8.295461084284693
2019-07-19,0.14993106,8.119878953290566
2019-07-20,0.15060356,8.058180343685777
2019-07-21,0.16014269,9.260422511145324
2019-07-22,0.14649719,32.60922645323294
2019-07-23,0.16540724,7.590881887624975
2019-07-24,0.10719528,378.6292906544273
2019-07-25,0.16077988,7.4408737186497
2019-07-26,0.16625251,8.22096578899338
2019-07-27,0.16118555,8.142269106457569
2019-07-28,0.15898654,10.073320497964689
2019-07-29,0.18437903,372.15847209136297
2019-07-30,0.15804608,8.259359141863031
2019-07-31,0.16382213,35.70361202980512
2019-08-01,0.1676763,9.67903023892319
2019-08-02,0.049518805,476.2010177361563
2019-08-03,0.16283385,9.023080165816332
2019-08-04,0.17563517,7.792125603942821
2019-08-05,0.14079185,233.39688494829105
2019-08-06,0.17201434,9.073478646782323
2019-08-07,0.13986273,43.795684287236014
2019-08-08,0.16878988,9.24290712062562
2019-08-09,0.16417912,9.247354086339088
2019-08-10,0.16553266,8.353651858905996
2019-08-11,0.16218875,95.2593188140082
2019-08-12,0.0997515,96.4456313372928
2019-08-13,0.16167007,8.273007842310419
2019-08-14,0.16513388,7.949515276269723
2019-08-15,0.17279682,7.999013812911911
2019-08-16,0.16630131,186.831786556011
2019-08-17,0.15795575,8.57809681009284
2019-08-18,0.1756604,8.422200364489658
2019-08-19,0.17437378,9.792843647057364
2019-08-20,0.17590919,10.197510590561432
2019-08-21,0.10549331,472.1691550538719
2019-08-22,0.17349622,9.10493254698212
2019-08-23,0.15441018,49.57262574624583
2019-08-24,0.1856659,8.601294064140017
2019-08-25,0.15582469,332.62365460801004
2019-08-26,0.16840932,9.003265251125377
2019-08-27,0.16582952,92.96854011415498
2019-08-28,0.17363033,8.53190324488434
2019-08-29,0.17626905,7.96606572391375
2019-08-30,0.19593422,380.4034644475165
2019-08-31,0.17257608,7.160594089205443
2019-09-01,0.14896348,671.9871709515232
2019-09-02,0.16979185,7.214719674655482
2019-09-03,0.18131591,8.352604808361574
2019-09-04,0.16965798,7.970416531499877
2019-09-05,0.17622148,7.920900884128212
2019-09-06,0.17207499,8.302506602502772
2019-09-07,0.1753722,7.886230527330463
2019-09-08,0.1748382,649.2129625307228
2019-09-09,0.17892286,8.63915544821968
2019-09-10,0.13199931,339.377601476896
2019-09-11,0.17087796,8.49304300636639
2019-09-12,0.18315049,8.477500235961326
2019-09-13,0.17945446,9.350951982059666
2019-09-14,0.17537582,9.598038255591277
2019-09-15,0.17340915,9.25233902235223
2019-09-16,0.17935611,8.845922672784228
2019-09-17,0.12882985,505.81253816956496
2019-09-18,0.17354937,29.650025977222885
2019-09-19,0.066412546,493.5250591612245
2019-09-20,0.17196818,9.621085396013513
2019-09-21,0.18015625,9.164930723301485
2019-09-22,0.12827492,466.30356727273295
2019-09-23,0.1816429,9.2982537101372
2019-09-24,0.1724795,642.6807411061397
2019-09-25,0.18923768,7.997147211518469
2019-09-26,0.104775816,362.8172259237183
2019-09-27,0.17959768,9.08977265443598
2019-09-28,0.19075137,7.787546930882423
2019-09-29,0.13855293,110.68397066839272
2019-09-30,0.19052179,8.73161140240443
2019-10-01,0.168393,8.920046180151331
2019-10-02,0.18155366,9.27966136638951
2019-10-03,0.112700805,677.3870932091537
2019-10-04,0.18924615,7.836113486811374
2019-10-05,0.03512927,493.5959603987378
2019-10-06,0.20535469,9.365488726526149
2019-10-07,0.18715274,10.129814297261822
2019-10-08,0.114363894,467.0031166769835
2019-10-09,0.18433012,7.939902242558099
2019-10-10,0.1530637,524.9703614062254
2019-10-11,0.22084278,8.965274223142487
2019-10-12,0.22619414,8.055884373802371
2019-10-13,0.20263352,8.956640395844628
2019-10-14,0.19199295,9.731863022654926
2019-10-15,0.12940489,102.77385377924134
2019-10-16,0.17126645,7.418342473223334
2019-10-17,0.21825908,381.6819931074811
2019-10-18,0.19051698,9.617845265280954
2019-10-19,0.12582919,509.6687411861834
2019-10-20,0.27916116,8.332512994537366
2019-10-21,0.14989923,230.17991898760928
2019-10-22,0.18408953,10.052967087136237
2019-10-23,0.18215081,9.479646089157985
2019-10-24,0.18608458,237.2187037415592
2019-10-25,0.24312904,8.11678818144424
2019-10-26,0.14211196,44.0877297740778
2019-10-27,0.17859638,8.702325005592558
2019-10-28,0.12833045,329.0732574113505
2019-10-29,0.16007839,9.052055131684998
2019-10-30,0.17722292,94.33254415709732
2019-10-31,0.14314374,95.73193246082826
2019-11-01,0.22520405,9.463117920145386
2019-11-02,0.22307493,373.1504040593306
2019-11-03,0.19849153,9.93910705667238
2019-11-04,0.13753279,516.412742796456
2019-11-05,0.18752386,8.871765180218114
2019-11-06,0.16668746,8.195474354144471
2019-11-07,0.17260547,9.315681780202988
2019-11-08,0.16624232,7.980540299118293
2019-11-09,0.096090674,481.42312473903377
2019-11-10,0.21166545,8.348292240709517
2019-11-11,0.14069727,658.9505253242419
2019-11-12,0.19969834,8.94236818531683
2019-11-13,0.13306664,324.4603029650391
2019-11-14,0.21668379,9.683099612153692
2019-11-15,0.1566141,101.82335275056408
2019-11-16,0.17767258,9.267814692780377
2019-11-17,0.1516022,8.460759284168422
2019-11-18,0.101770334,335.8039574904434
2019-11-19,0.17301832,9.804766566987592
2019-11-20,0.18628156,41.35684915830032
2019-11-21,0.16079973,8.295680446796837
2019-11-22,0.06917279,470.524603647077
2019-11-23,0.172772,9.851493071816456
2019-11-24,0.16141327,7.803357408766577
2019-11-25,0.16751829,8.497573813316526
2019-11-26,0.16548125,7.289655294019607
2019-11-27,0.1626605,27.416624265985583
2019-11-28,0.15383644,8.236929593232645
2019-11-29,0.09758242,385.20450767040654
2019-11-30,0.16025528,8.915376515788676
2019-12-01,0.16146785,9.322520618859794
2019-12-02,0.15486746,8.425705083392515
2019-12-03,0.1663095,9.626477804196822
2019-12-04,0.19331482,362.5572121600718
2019-12-05,0.14744383,7.968488031313159
2019-12-06,0.16608067,44.11477933973303
2019-12-07,0.14938821,7.793657526670889
2019-12-08,0.05493235,468.7904702615631
2019-12-09,0.14066444,9.466360482508424
2019-12-10,0.19640306,8.214384452100246
2019-12-11,0.14583205,222.41934558874144
2019-12-12,0.14409302,8.266223103531907
2019-12-13,0.14771745,666.7982841717421
2019-12-14,0.15728946,8.25984411545482
2019-12-15,0.104337305,390.4432280883051
2019-12-16,0.15012528,8.504573949298356
2019-12-17,0.17597324,109.64919757757764
2019-12-18,0.12083162,80.03690932598288
2019-12-19,0.15030152,9.640727581339856
2019-12-20,0.099682,342.2335140804228
2019-12-21,0.15811245,8.03870390766932
2019-12-22,0.13222855,170.88590669320988
2019-12-23,0.15601274,7.148350588896663
2019-12-24,0.05347985,468.7824969666534
2019-12-25,0.14418656,8.299286278232584
2019-12-26,0.15640758,7.976238515552791
2019-12-27,0.087403074,492.10451753680405
2019-12-28,0.1422527,9.02876419432572
2019-12-29,0.14386806,24.54108432778097
2019-12-30,0.15017374,8.096500389604733
2019-12-31,0.1255013,318.4633998011725
2020-01-01,0.1489211,8.637529729588755
2020-01-02,0.09035715,618.0470909644641
2020-01-03,0.15048221,8.307840926576425
2020-01-04,0.16050014,8.032451791826261
2020-01-05,0.14737892,9.265183848071878
2020-01-06,0.15894835,7.390945744118214
2020-01-07,0.13057476,170.75959450885276
2020-01-08,0.15577677,8.77347116339375
2020-01-09,0.049999997,461.52979500579295
2020-01-10,0.20644775,7.768488455328772
2020-01-11,0.22531623,9.386129479338104
2020-01-12,0.14444843,219.84502020246808
2020-01-13,0.15602703,8.740049236252753
2020-01-14,0.14159372,667.7374155291353
2020-01-15,0.15714543,9.715614021692684
2020-01-16,0.105455056,393.2680189810232
2020-01-17,0.23020847,7.375989594601335
2020-01-18,0.17193481,111.271127293107
2020-01-19,0.15120134,80.60836985487664
2020-01-20,0.17088722,8.10060728386897
2020-01-21,0.122121505,373.4243739585661
2020-01-22,0.16196525,9.732368760999398
2020-01-23,0.12863033,529.2900494367632
2020-01-24,0.17529146,7.0797751148601495
2020-01-25,0.13098119,248.1179445458563
2020-01-26,0.15013316,9.445267455099923
2020-01-27,0.24825145,10.09065197951766
2020-01-28,0.08638767,493.4680957187156
2020-01-29,0.2003211,7.526218192239566
2020-01-30,0.17127466,22.54600535800788
2020-01-31,0.20516635,8.331026377886698
2020-02-01,0.1860086,8.259225991034437
2020-02-02,0.18144597,7.097830284379381
2020-02-03,0.12576465,616.9088236950225
2020-02-04,0.14313805,8.426874517472616
2020-02-05,0.1622072,7.767267837364284
2020-02-06,0.10136912,343.569496645292
2020-02-07,0.15129712,7.260920358459026
2020-02-08,0.12294212,527.6993781724789
2020-02-09,0.15735027,9.291806582095964
2020-02-10,0.049999997,461.7766541015927
2020-02-11,0.14906412,32.62227976270983
2020-02-12,0.18428977,8.762418209366588
2020-02-13,0.15063152,223.39374381429457
2020-02-14,0.15944883,8.950282521524247
2020-02-15,0.14217916,24.294431989239765
2020-02-16,0.1942799,8.069859164261699
2020-02-17,0.13250723,318.58205682371363
2020-02-18,0.15375793,8.356693506266886
2020-02-19,0.15237886,106.30514224368058
2020-02-20,0.16144644,81.7576199110223
2020-02-21,0.21197858,7.994246121683199
2020-02-22,0.16661698,363.2090983097826
2020-02-23,0.15399721,8.413192948671915
2020-02-24,0.13413483,172.0191125217337
2020-02-25,0.1730445,7.915199308438558
2020-02-26,0.16994636,246.42555037182643
2020-02-27,0.1520266,7.8388176101193245
2020-02-28,0.14668307,7.460365356270537
2020-03-01,0.09708316,489.5919952849471
2020-03-02,0.15959626,9.321350628415969
2020-03-03,0.12009626,663.6166158987769
2020-03-04,0.14855218,7.17086345975073
2020-03-05,0.13582546,317.5378528096583
2020-03-06,0.15477763,7.67649032524896
2020-03-07,0.13597308,616.9707301521643
2020-03-08,0.13146853,78.45447336909521
2020-03-09,0.16851938,8.772834456574412
2020-03-10,0.107807234,345.2016120661476
2020-03-11,0.15140365,8.260920963351989
2020-03-12,0.14732182,169.58599503457435
2020-03-13,0.1401357,8.04868956321641
2020-03-14,0.15212004,8.257648062317676
2020-03-15,0.1456487,8.559264849943634
2020-03-16,0.16364472,98.19766964940013
2020-03-17,0.15127823,8.17239087605825
2020-03-18,0.15235299,9.4761451360018
2020-03-19,0.14455025,24.883356884504053
2020-03-20,0.16193412,7.773275515400202
2020-03-21,0.111397035,385.3222440245211
2020-03-22,0.14443615,9.22057756297487
2020-03-23,0.1976435,9.283091380498032
2020-03-24,0.19960673,89.86525861597787
2020-03-25,0.13843107,7.532675579193243
2020-03-26,0.186233,368.0173363490363
2020-03-27,0.13929705,9.362351140270162
2020-03-28,0.17493263,38.10848467134254
2020-03-29,0.1386388,8.345623423629414
2020-03-30,0.1627801,239.30655462569464
2020-03-31,0.14431448,8.587784259213386
2020-04-01,0.14635375,9.072614444694342
2020-04-02,0.10699886,473.4529401291579
2020-04-03,0.15798058,91.37940780851888
2020-04-04,0.12653624,44.52522895468893
2020-04-05,0.17503446,7.814456648288663
2020-04-06,0.11658435,334.05975455111866
2020-04-07,0.15187748,9.184185815003245
2020-04-08,0.18249626,10.35330374070882
2020-04-09,0.14500104,8.458007909800703
2020-04-10,0.17508787,9.30565569260797
2020-04-11,0.1915114,383.1790305387079
2020-04-12,0.1831025,7.236939408916014
2020-04-13,0.16845827,31.715271829307348
2020-04-14,0.15628515,7.584168849155419
2020-04-15,0.14081055,224.11407182623876
2020-04-16,0.14170377,9.705747067115396
2020-04-17,0.15228738,8.584480933957625
2020-04-18,0.10351716,463.5940456796233
2020-04-19,0.15622962,7.680184091691236
2020-04-20,0.17577562,526.4378422003088
2020-04-21,0.13692722,8.457233081964889
2020-04-22,0.14999272,8.330373189565787
2020-04-23,0.14818262,9.365676450923424
2020-04-24,0.15304436,8.34982601081203
2020-04-25,0.13181965,610.2612031744275
2020-04-26,0.13673688,8.237142355388963
2020-04-27,0.10815935,314.88695959153864
2020-04-28,0.14515005,8.939765498477245
2020-04-29,0.14945865,504.5279306273005
2020-04-30,0.13797106,7.075344556029375
2020-05-01,0.13502723,494.0027929355638
2020-05-02,0.1522663,8.631016309875248
2020-05-03,0.1435207,8.516272460054484
2020-05-04,0.17069858,248.69539103617848
2020-05-05,0.15455095,7.690892480057933
2020-05-06,0.1397344,50.59966634307902
2020-05-07,0.1493517,7.967257106093341
2020-05-08,0.12669644,345.6489185806131
2020-05-09,0.15661865,7.610834118533058
2020-05-10,0.1545548,86.50842031323114
2020-05-11,0.09452621,106.97045716590902
2020-05-12,0.15203446,44.57759676540902
2020-05-13,0.17962068,387.5546969752224
2020-05-14,0.1805545,8.069026853209014
2020-05-15,0.10718617,504.9176070874472
2020-05-16,0.23284647,8.323771444782862
2020-05-17,0.21008952,8.718469110194087
2020-05-18,0.1759127,8.275296491271796
2020-05-19,0.15937537,7.610082163006498
2020-05-20,0.15318215,8.551522024314986
2020-05-21,0.1593189,9.065010070267578
2020-05-22,0.13274239,643.370220011211
2020-05-23,0.15798528,8.70120183697258
2020-05-24,0.12860717,342.9015254936161
2020-05-25,0.16275156,7.110921381176888
2020-05-26,0.22732715,8.216839288504943
2020-05-27,0.12189648,613.6422531105977
2020-05-28,0.15541826,7.668141642468304
2020-05-29,0.14938153,9.122389742222758
2020-05-30,0.15583447,9.245429688716174
2020-05-31,0.12543951,675.4915723447797
2020-06-01,0.19589435,8.032306178429796
2020-06-02,0.15675157,222.870636909115
2020-06-03,0.15452413,8.952619034396141
2020-06-04,0.15795726,8.617114551653934
2020-06-05,0.16782758,248.52524585875705
2020-06-06,0.14966299,9.18651773461348
2020-06-07,0.13953154,48.27945833010877
2020-06-08,0.1473695,8.427073388570752
2020-06-09,0.13052209,342.722319621116
2020-06-10,0.15124403,9.556317077716232
2020-06-11,0.16206859,85.17763433400617
2020-06-12,0.15165603,7.737541383251204
2020-06-13,0.16120495,7.1870895491015485
2020-06-14,0.16998145,387.7358567944456
2020-06-15,0.15954614,8.289344765641882
2020-06-16,0.17164205,23.751911733860144
2020-06-17,0.1549117,8.322223437434793
2020-06-18,0.03193462,493.6651496000637
2020-06-19,0.15071394,7.73364501121418
2020-06-20,0.15780634,9.334346701185154
2020-06-21,0.115708046,464.574531423918
2020-06-22,0.16286771,7.502491374531761
2020-06-23,0.14806409,527.2699437851306
2020-06-24,0.16228126,8.054285190079128
2020-06-25,0.1533039,344.4233944588286
2020-06-26,0.15457167,8.084137848368306
2020-06-27,0.16090202,7.825339981170917
2020-06-28,0.10427915,106.6311021227545
2020-06-29,0.16530687,7.555414138107038
2020-06-30,0.11784627,314.97907581554847
2020-07-01,0.15641323,8.501390957884833
2020-07-02,0.12713386,502.63366004177135
2020-07-03,0.16468179,7.954208265770766
2020-07-04,0.033565283,493.5531772593772
2020-07-05,0.16103372,8.323792017736613
2020-07-06,0.17306471,8.116069105010919
2020-07-07,0.12813485,460.7703467350672
2020-07-08,0.16988394,7.972278459733858
2020-07-09,0.14706342,50.29230947407537
2020-07-10,0.16723153,8.630946585710019
2020-07-11,0.1329524,362.2953447626207
2020-07-12,0.16888574,8.422600528278853
2020-07-13,0.15338697,84.39396094415216
2020-07-14,0.11152752,106.70846043506984
2020-07-15,0.15852265,8.96119927701523
2020-07-16,0.17720436,387.7053458681667
2020-07-17,0.16857934,8.480698779192949
2020-07-18,0.12705171,675.0338888396815
2020-07-19,0.1728913,8.734363972794903
2020-07-20,0.17188865,7.845367489063842
2020-07-21,0.16816905,8.113120003658889
2020-07-22,0.16794941,9.295255056497776
2020-07-23,0.16918586,8.806644201504506
2020-07-24,0.17314707,7.6502515086529055
2020-07-25,0.14938222,50.9555784102938
2020-07-26,0.16948871,8.8841530804173
2020-07-27,0.14270695,346.31654953702355
2020-07-28,0.16441679,8.880121001205463
2020-07-29,0.1617765,84.870380696368
2020-07-30,0.093794614,611.2311616116006
2020-07-31,0.17653383,7.543434454807678
2020-08-01,0.12406228,314.81150674305115
2020-08-02,0.17616756,8.473634234631545
2020-08-03,0.14807864,503.2005559898078
2020-08-04,0.17864938,9.3624165562222
2020-08-05,0.15020812,494.4672694828255
2020-08-06,0.1755903,8.761681853505946
2020-08-07,0.17234847,8.776958739450727
2020-08-08,0.12206222,462.9926447056212
2020-08-09,0.1767853,7.884136963382331
2020-08-10,0.15885377,51.49504912680003
2020-08-11,0.17493251,7.7589951851131715
2020-08-12,0.12191396,347.0450216386636
2020-08-13,0.16953027,9.497194387058066
2020-08-14,0.17702794,10.465731552011173
2020-08-15,0.107031494,106.80431706343803
2020-08-16,0.17788963,7.574792349270559
2020-08-17,0.20291235,388.64749059256616
2020-08-18,0.17829598,7.579950637671218
2020-08-19,0.14535177,673.653059885173
2020-08-20,0.1829526,7.181797485074102
2020-08-21,0.16926064,224.3487420112028
2020-08-22,0.20210017,9.224552006091598
2020-08-23,0.18797863,9.62282096073968
2020-08-24,0.1192578,467.6145032304206
2020-08-25,0.18483226,9.315853991516958
2020-08-26,0.14717005,649.6235718241311
2020-08-27,0.17443098,8.609362030537701
2020-08-28,0.12565523,373.14607675313846
2020-08-29,0.17949054,7.375628145957645
2020-08-30,0.18853877,7.106372496326462
2020-08-31,0.18111542,6.87799953283109
2020-09-01,0.18930171,8.285675453716037
2020-09-02,0.10921816,330.1638960587373
2020-09-03,0.17348972,8.256269784960153
2020-09-04,0.20813465,89.9585695101288
2020-09-05,0.26507542,7.870176850300949
2020-09-06,0.049999997,472.096767490332
2020-09-07,0.22048183,8.515237797569522
2020-09-08,0.19216329,7.8586254893679
2020-09-09,0.19781251,76.95225258556866
2020-09-10,0.18203667,8.79293144204577
2020-09-11,0.1790784,663.3905484716806
2020-09-12,0.24911991,9.610331365821311
2020-09-13,0.119758785,385.3145291850136
2020-09-14,0.17263953,8.994455094272311
2020-09-15,0.19440101,7.408718380130915
2020-09-16,0.1666875,88.18515473574473
2020-09-17,0.15567578,8.978607810946789
2020-09-18,0.1733883,365.9769949740893
2020-09-19,0.16560005,8.089094811150957
2020-09-20,0.16198821,173.6247757624731
2020-09-21,0.1632533,9.703060737813772
2020-09-22,0.1759123,8.35936486700189
2020-09-23,0.15773706,7.395606403605536
2020-09-24,0.1511477,8.709129915270957
2020-09-25,0.1562757,8.652596484658357
2020-09-26,0.16038047,9.527342354119552
2020-09-27,0.1640989,29.19901629552766
2020-09-28,0.16315961,7.952846475442573
2020-09-29,0.13370393,326.00803818044403
2020-09-30,0.15351892,7.9022810716659615
2020-10-01,0.17327638,8.576659497961108
2020-10-02,0.09999119,98.04593882051236
2020-10-03,0.166057,8.435078145876819
2020-10-04,0.16361143,8.738949672002535
2020-10-05,0.1684791,9.337136539937456
2020-10-06,0.13521971,512.6256608573409
2020-10-07,0.16021612,9.58005290196571
2020-10-08,0.17684938,8.36452613145089
2020-10-09,0.16533361,8.544793534467194
2020-10-10,0.18329936,8.179963170234616
2020-10-11,0.16280721,7.634997164039918
2020-10-12,0.17476037,9.555812514994
2020-10-13,0.14032835,44.56546153607364
2020-10-14,0.16344577,9.081758850276431
2020-10-15,0.16218187,8.564262795652004
2020-10-16,0.16159984,7.799210407194383
2020-10-17,0.15883517,84.28523741361884
2020-10-18,0.14859644,612.6259257126219
2020-10-19,0.18615629,7.153705180073199
2020-10-20,0.17288822,388.8877258213966
2020-10-21,0.17222969,9.16940357524012
2020-10-22,0.12997492,196.70144649026275
2020-10-23,0.16141076,9.87913332863435
2020-10-24,0.14633399,222.2211798576991
2020-10-25,0.16417941,10.066402096370895
2020-10-26,0.17252854,8.09651739191411
2020-10-27,0.16424412,249.03309175869927
2020-10-28,0.21059449,8.47856087102556
2020-10-29,0.16317545,166.7692112911188
2020-10-30,0.16089721,8.65156947365562
2020-10-31,0.11913656,344.7106764062925
2020-11-01,0.16739824,7.862672219930886
2020-11-02,0.17911856,84.41479275470911
2020-11-03,0.16407694,8.186108374233692
2020-11-04,0.18121035,8.203825318321757
2020-11-05,0.17061636,387.9275519823543
2020-11-06,0.16552538,8.778655199743904
2020-11-07,0.1417413,195.44395980096465
2020-11-08,0.16017832,8.910325539638707
2020-11-09,0.040465582,493.8659989792208
2020-11-10,0.16877457,9.551818987595402
2020-11-11,0.16439319,7.503891695567593
2020-11-12,0.16709563,8.764851184400369
2020-11-13,0.16933891,7.492256001175408
2020-11-14,0.15763901,166.80832462048403
2020-11-15,0.14424376,9.883458813638953
2020-11-16,0.11311752,362.7807564466236
2020-11-17,0.17110485,7.554536003049604
2020-11-18,0.17248307,8.837456179096723
2020-11-19,0.10771063,104.9757697987394
2020-11-20,0.1611831,7.811183319447
2020-11-21,0.16174915,8.383594701521687
2020-11-22,0.16591804,8.727067065525038
2020-11-23,0.14784168,505.82151824601016
2020-11-24,0.16540763,8.024604012571464
2020-11-25,0.13244672,493.36725796433245
2020-11-26,0.16577931,9.403186705964446
2020-11-27,0.15588315,8.194674864230274
2020-11-28,0.16141813,8.201119504212329
2020-11-29,0.1707122,8.357899041369006
2020-11-30,0.17944412,47.96321325770911
2020-12-01,0.19197865,8.773746019163973
2020-12-02,0.17860505,8.467578030409488
2020-12-03,0.15897748,8.475849820063914
2020-12-04,0.17033826,87.14853986195097
2020-12-05,0.14458703,6.855792264572036
2020-12-06,0.15539882,8.954726895188484
2020-12-07,0.14972077,8.712738452869898
2020-12-08,0.15818639,9.237547441817002
2020-12-09,0.098463126,507.1855114088529
2020-12-10,0.14966957,8.645316819537438
2020-12-11,0.031298526,493.2838846284635
2020-12-12,0.14501904,8.291638961247942
2020-12-13,0.178266,6.942592742346489
2020-12-14,0.15004063,8.059037836668217
2020-12-15,0.15375642,9.327036385364847
2020-12-16,0.14560226,47.7175804133841
2020-12-17,0.14756556,9.689363765161024
2020-12-18,0.10924484,344.42425469007634
2020-12-19,0.15530121,7.799731957170584
2020-12-20,0.22935016,9.277300677862458
2020-12-21,0.13823757,103.91758392151164
2020-12-22,0.1979771,9.420281931024856
2020-12-23,0.1930172,385.352506143446
2020-12-24,0.1676054,8.028668146838925
2020-12-25,0.098257415,506.3146785417741
2020-12-26,0.16167924,7.924103159294811
2020-12-27,0.16782413,226.4340220292005
2020-12-28,0.15607728,9.30592583166722
2020-12-29,0.170602,8.629513282903705
2020-12-30,0.14023429,246.4386623401056
2020-12-31,0.15395956,31.31972583712789
2021-01-01,0.1622654,47.62409076024276
2021-01-02,0.18875831,8.690470689819367
2021-01-03,0.13326661,343.0283525733688
2021-01-04,0.16880466,9.02204311839911
2021-01-05,0.22061847,8.858691360067098
2021-01-06,0.12087827,614.7694635388403
2021-01-07,0.2248613,8.836750948859217
2021-01-08,0.1526974,8.541124202361837
2021-01-09,0.19362846,8.050118509912817
2021-01-10,0.13881332,32.471126115086065
2021-01-11,0.17415299,9.16414664629532
2021-01-12,0.13480558,492.4920446746219
2021-01-13,0.21860462,8.07898229311722
2021-01-14,0.22281657,9.009347156888282
2021-01-15,0.09586762,466.3275483666554
2021-01-16,0.19282678,8.058335467934262
2021-01-17,0.14170262,170.11682365491492
2021-01-18,0.16924128,7.425094392402541
2021-01-19,0.16020088,9.001502865513881
2021-01-20,0.15679912,7.884773917047208
2021-01-21,0.16026144,84.7016762960411
2021-01-22,0.1472179,106.07822468868096
2021-01-23,0.17116739,8.436853399946656
2021-01-24,0.1270433,318.16662465818933
2021-01-25,0.16857849,8.99179426136414
2021-01-26,0.1027761,504.0438260911915
2021-01-27,0.18230449,7.117364018851224
2021-01-28,0.13442564,223.29664170821735
2021-01-29,0.15366527,9.749225319649565
2021-01-30,0.1626301,8.78407279103737
2021-01-31,0.15480268,7.510874111190564
2021-02-01,0.15052304,8.324519038303151
2021-02-02,0.12330927,641.8514443032467
2021-02-03,0.16000944,9.339362205262027
2021-02-04,0.11215961,341.5247214526865
2021-02-05,0.15549172,9.469236998345275
2021-02-06,0.14587504,85.94732659108925
2021-02-07,0.14525783,8.890610634360844
2021-02-08,0.15014277,7.335354513796097
2021-02-09,0.14128794,8.81086987400823
2021-02-10,0.15181132,7.199321944890271
2021-02-11,0.19537908,77.95631409378184
2021-02-12,0.16355652,7.738887670496497
2021-02-13,0.12498928,493.681808770784
2021-02-14,0.19499916,9.340860159754092
2021-02-15,0.12734562,58.30537102382639
2021-02-16,0.14026058,85.8133755633446
2021-02-17,0.25360548,9.745830678233265
2021-02-18,0.32702944,84.46553091256571
2021-02-19,0.20857075,9.101782519768456
2021-02-20,0.20961873,8.291335900408235
2021-02-21,0.20479015,8.290212792040016
2021-02-22,0.14288066,89.22828274906519
2021-02-23,0.1244215,100.48118221696716
2021-02-24,0.15848705,8.59220709273094
2021-02-25,0.15493731,8.640544654991675
2021-02-26,0.14876968,8.352755704353164
2021-02-27,0.12546927,512.806008958153
2021-02-28,0.15102273,8.261032639659856
2021-03-01,0.20092058,8.375443028299008
2021-03-02,0.18550192,8.956483126839728
2021-03-03,0.18370645,7.993367754898702
2021-03-04,0.09684793,477.14469722734594
2021-03-05,0.14915647,9.796155308730771
2021-03-06,0.122768454,659.6522885875511
2021-03-07,0.14196238,9.588384198366716
2021-03-08,0.10459905,382.7682823761687
2021-03-09,0.14887236,7.947746167216203
2021-03-10,0.14438248,104.67479446096532
2021-03-11,0.1472224,10.364474347884498
2021-03-12,0.14670566,8.037425922453293
2021-03-13,0.13489512,9.167149740647748
2021-03-14,0.1425228,7.907098103252965
2021-03-15,0.16468814,44.86919041637177
2021-03-16,0.1498658,8.080688312790775
2021-03-17,0.049999997,464.0941761369347
2021-03-18,0.14448176,8.768306967468417
2021-03-19,0.15966064,7.395535348376192
2021-03-20,0.14389491,226.61324471075005
2021-03-21,0.1483323,8.803718100188705
2021-03-22,0.1469505,28.71456448281808
2021-03-23,0.19704768,8.803935185966054
2021-03-24,0.12891985,382.9414899509737
2021-03-25,0.17075995,7.645024819123251
2021-03-26,0.20785658,7.796796686450104
2021-03-27,0.15877365,95.57940613488388
2021-03-28,0.17780006,10.05750677062288
2021-03-29,0.1889902,373.3490306378729
2021-03-30,0.16030976,9.479778844707717
2021-03-31,0.15739422,184.6589244029936
2021-04-01,0.14367904,7.553312063599944
2021-04-02,0.16741937,231.6853036584949
2021-04-03,0.15041006,9.320454941699634
2021-04-04,0.16886847,8.868171970944756
2021-04-05,0.16065046,243.8411258408666
2021-04-06,0.16711517,9.711886974746948
2021-04-07,0.13936421,45.936260606476765
2021-04-08,0.15469293,8.878542985711782
2021-04-09,0.12736936,340.54615508072897
2021-04-10,0.15450549,9.445513855734626
2021-04-11,0.15218161,87.89014272765517
2021-04-12,0.15648559,8.015716790204365
2021-04-13,0.1694708,8.275744716043752
2021-04-14,0.17101896,385.1548887210708
2021-04-15,0.16496429,7.783626180547522
2021-04-16,0.17013471,32.151339059494084
2021-04-17,0.16323453,8.599594855452143
2021-04-18,0.04767979,493.719944707104
2021-04-19,0.15855789,8.790419831689189
2021-04-20,0.15050301,9.456354995462284
2021-04-21,0.15437746,7.7285049912783155
2021-04-22,0.16048448,9.63341509683907
2021-04-23,0.1439816,643.7410319648985
2021-04-24,0.1584785,10.0534856006944
2021-04-25,0.14790474,342.6456563847896
2021-04-26,0.15764359,9.454013875010087
2021-04-27,0.15447,85.08589618609993
2021-04-28,0.11271289,106.34996383461356
2021-04-29,0.16826683,9.699046443200976
2021-04-30,0.16833627,8.798542032323494
2021-05-01,0.17475982,8.93234138440493
2021-05-02,0.13649642,505.0974329055763
2021-05-03,0.19994812,9.662055268504156
2021-05-04,0.0458721,493.4201959009096
2021-05-05,0.17893177,8.0348940079689
2021-05-06,0.16285244,8.47078024803797
2021-05-07,0.16531157,8.264425429906435
2021-05-08,0.16907483,9.872922778565858
2021-05-09,0.14679115,47.79704040302929
2021-05-10,0.18532863,7.419680757779546
2021-05-11,0.14152145,364.3046923295324
2021-05-12,0.1678734,7.602577554839418
2021-05-13,0.19876248,7.1605497090242975
2021-05-14,0.10336124,106.24612174367448
2021-05-15,0.1630065,9.44668616591362
2021-05-16,0.20248401,387.0214546155805
2021-05-17,0.15810032,7.444297585840829
2021-05-18,0.13302404,673.9391100772696
2021-05-19,0.17452063,8.796207345916134
2021-05-20,0.17046532,9.047613337658358
2021-05-21,0.15280123,8.916182306589372
2021-05-22,0.1674926,33.211836856722336
2021-05-23,0.116038166,465.8860872165213
2021-05-24,0.16090934,8.17330440261706
2021-05-25,0.15233408,48.54603421244197
2021-05-26,0.16402565,9.984485864251972
2021-05-27,0.15017043,342.46118803192934
2021-05-28,0.15611617,8.93891161660122
2021-05-29,0.14643823,197.02560504429275
2021-05-30,0.13623351,613.0192662385689
2021-05-31,0.16684195,7.66856413027223
2021-06-01,0.10925002,316.4713636857511
2021-06-02,0.19147384,8.173209723845153
2021-06-03,0.17287056,501.3686565858124
2021-06-04,0.18419029,8.717514058294793
2021-06-05,0.051819056,493.6190272058223
2021-06-06,0.16868989,8.182105222428227
2021-06-07,0.19141735,8.300284325550578
2021-06-08,0.11599092,463.2612132080687
2021-06-09,0.15569155,7.451161464083835
2021-06-10,0.13954394,50.05966217737833
2021-06-11,0.14943096,7.9047525364261295
2021-06-12,0.1259534,344.9418420155808
2021-06-13,0.14832237,9.871698835085798
2021-06-14,0.159028,8.201411868982703
2021-06-15,0.103414364,105.79692191220428
2021-06-16,0.1593944,7.90319481517228
2021-06-17,0.17631926,385.5400037621242
2021-06-18,0.14624187,8.955593238518974
2021-06-19,0.13139397,675.0395086416045
2021-06-20,0.15458123,8.4041450439488
2021-06-21,0.15617284,8.360207588323874
2021-06-22,0.16874285,9.158335152755726
2021-06-23,0.15590063,8.326899662616574
2021-06-24,0.16800296,245.3463089372886
2021-06-25,0.15801778,9.478458495690711
2021-06-26,0.14238085,523.3330780603603
2021-06-27,0.1596476,8.94395210596009
2021-06-28,0.22426207,369.00742714236696
2021-06-29,0.15480629,8.432635087762414
2021-06-30,0.15240142,87.17030857431455
2021-07-01,0.15344885,9.36041604684789
2021-07-02,0.157191,7.625067691541506
2021-07-03,0.14656635,8.088544202607233
2021-07-04,0.17250438,9.37106015127745
2021-07-05,0.14785445,43.42542351914262
2021-07-06,0.16729452,9.378466876017502
2021-07-07,0.0808272,483.0993376414372
2021-07-08,0.154334,8.840205744517558
2021-07-09,0.15179603,7.483985717151023
2021-07-10,0.16685598,8.48835291628792
2021-07-11,0.16649283,8.12380254568274
2021-07-12,0.13528904,45.23797499984708
2021-07-13,0.16726577,8.352824513953854
2021-07-14,0.12223163,371.28596115406833
2021-07-15,0.14985357,8.54820416157357
2021-07-16,0.15762635,91.01928576379105
2021-07-17,0.10234656,100.39669727717528
2021-07-18,0.15397939,8.586319087574958
2021-07-19,0.21747719,393.4581874289043
2021-07-20,0.14435714,8.189243083826792
2021-07-21,0.11836451,510.56936392440525
2021-07-22,0.14776164,9.061458356909148
2021-07-23,0.15437122,8.565008967073668
2021-07-24,0.15725923,8.265832745150412
2021-07-25,0.15722802,8.953114920157118
2021-07-26,0.15324333,8.625529327977691
2021-07-27,0.15526542,8.224751423195668
2021-07-28,0.12069122,650.8899358913112
2021-07-29,0.15117034,7.507103499454897
2021-07-30,0.1138195,333.4519471480671
2021-07-31,0.15811706,7.674427555727639
2021-08-01,0.16754116,92.18867155437133
2021-08-02,0.111007154,99.04229158499926
2021-08-03,0.15052459,8.695338328089223
2021-08-04,0.1092493,323.70846793707057
2021-08-05,0.15473142,8.661098709463174
2021-08-06,0.11957358,511.9632277983764
2021-08-07,0.14744945,7.901244643403986
2021-08-08,0.1555771,9.298365373250896
2021-08-09,0.16092615,8.399929979291342
2021-08-10,0.15066227,7.895743860079882
2021-08-11,0.15255778,238.110249088432
2021-08-12,0.15413809,9.76603232735103
2021-08-13,0.13234326,43.5890764082682
2021-08-14,0.15126285,8.207507721925182
2021-08-15,0.15558448,8.755270556724465
2021-08-16,0.16329344,9.532996240499868
2021-08-17,0.16632885,7.524799171080175
2021-08-18,0.1523666,8.951962099442547
2021-08-19,0.16658118,6.98751240197072
2021-08-20,0.19845541,379.78737548711
2021-08-21,0.16243766,7.967083419276474
2021-08-22,0.13346933,671.7970773264968
2021-08-23,0.1633894,7.099228240120519
2021-08-24,0.16516174,230.92299534733863
2021-08-25,0.16632858,8.930464874141201
2021-08-26,0.16723613,9.331855610046224
2021-08-27,0.11210212,472.2529020219624
2021-08-28,0.1631717,9.767305913409256
2021-08-29,0.11085798,650.6209308491614
2021-08-30,0.164607,7.467864216934766
2021-08-31,0.14901626,332.00696797567895
2021-09-01,0.16309966,9.200088705349136
2021-09-02,0.17188263,7.350075699005283
2021-09-03,0.16583568,8.513863796637839
2021-09-04,0.1672948,6.903540256150214
2021-09-05,0.18697189,380.7941584102812
2021-09-06,0.17133442,7.2409670016629075
2021-09-07,0.14023744,672.5722114882852
2021-09-08,0.17236792,8.942142626261433
2021-09-09,0.0963888,480.70909039450913
2021-09-10,0.16904622,8.841001740655363
2021-09-11,0.17967303,8.731668383584932
2021-09-12,0.10717542,471.08790867477256
2021-09-13,0.17472473,7.910203165187773
2021-09-14,0.12741086,648.8009787680608
2021-09-15,0.17764549,9.0154363073095
2021-09-16,0.12775771,370.45212203881215
2021-09-17,0.17911586,8.954591526290347
2021-09-18,0.1774887,7.851686471231886
2021-09-19,0.10814905,102.44176843984872
2021-09-20,0.17486525,7.805180279282484
2021-09-21,0.12832133,320.6770952387404
2021-09-22,0.18034312,9.603723081633865
2021-09-23,0.11213884,507.6654634784139
2021-09-24,0.17112358,9.358561638034612
2021-09-25,0.0912022,481.5458927563069
2021-09-26,0.1872891,8.091039096834798
2021-09-27,0.17999366,7.771379640886837
2021-09-28,0.117195025,471.4871121905111
2021-09-29,0.2636002,7.724464150329403
2021-09-30,0.14881267,43.16618258345933
2021-10-01,0.20649311,89.6060655764732
2021-10-02,0.24605371,8.807996824016609
2021-10-03,0.24687041,8.194522730329393
2021-10-04,0.22966911,7.692290666927789
2021-10-05,0.16781265,7.200720081593469
2021-10-06,0.17105204,7.969643449456516
2021-10-07,0.1084415,326.1869523990266
2021-10-08,0.18543068,7.888337526212481
2021-10-09,0.15407807,182.94757493685185
2021-10-10,0.17206132,8.507740961022224
2021-10-11,0.09047992,477.9423010865523
2021-10-12,0.18623462,7.714066028052306
2021-10-13,0.18911035,9.306755777543648
2021-10-14,0.17358863,9.209090608077238
2021-10-15,0.2049062,9.155836907838784
2021-10-16,0.15265325,42.873847213348775
2021-10-17,0.1931188,9.336905039946632
2021-10-18,0.13783717,328.7802303619208
2021-10-19,0.17365962,7.335370736440794
2021-10-20,0.15733501,95.40527336120964
2021-10-21,0.150185,93.21714984885465
2021-10-22,0.16899696,8.122273493050193
2021-10-23,0.19852743,370.220723819081
2021-10-24,0.16574104,8.662639411665461
2021-10-25,0.14926587,179.3130036165828
2021-10-26,0.160453,8.013078605989806
2021-10-27,0.20390102,241.2395851936201
2021-10-28,0.17575958,9.784599939750493
2021-10-29,0.16297878,9.18380494850418
2021-10-30,0.096175104,482.9831980159492
2021-10-31,0.16074511,8.37945961886264
2021-11-01,0.14433323,30.80272116587924
2021-11-02,0.1514506,9.922132213523827
2021-11-03,0.12929247,325.17103698819363
2021-11-04,0.17284356,7.555333766795909
2021-11-05,0.19966844,102.50713996097544
2021-11-06,0.14790201,7.470069432185825
2021-11-07,0.19853546,9.00541638168694
2021-11-08,0.120949745,337.3550500171814
2021-11-09,0.15060338,8.825542126713987
2021-11-10,0.12978259,655.3618448349104
2021-11-11,0.14815007,7.733222134237333
2021-11-12,0.07458638,471.669404983835
2021-11-13,0.16011253,9.598486031772394
2021-11-14,0.16132832,7.783464928122017
2021-11-15,0.12778908,8.65915336900804
2021-11-16,0.1645433,9.177365601838464
2021-11-17,0.090416916,661.6578077494493
2021-11-18,0.15441917,9.22692999219162
2021-11-19,0.1157478,383.3122911182762
2021-11-20,0.15779458,7.918506101455795
2021-11-21,0.16004153,9.604474677172629
2021-11-22,0.13657357,88.7687977176467
2021-11-23,0.14787203,9.698171265299337
2021-11-24,0.14763433,8.737623217888647
2021-11-25,0.14811791,8.363543324128921
2021-11-26,0.15956974,176.96194846091424
2021-11-27,0.1467782,31.42655596630158
2021-11-28,0.18409668,9.600094445407269
2021-11-29,0.13914204,8.986696491003876
2021-11-30,0.16090368,6.765926183127654
2021-12-01,0.09860186,485.4721044860227
2021-12-02,0.13288017,7.619409308408991
2021-12-03,0.11703613,506.1604830861638
2021-12-04,0.15518388,9.445770360600727
2021-12-05,0.109217525,324.66926954360366
2021-12-06,0.14216202,7.607645093659441
2021-12-07,0.1740434,98.91018996717284
2021-12-08,0.1328057,90.69812718797102
2021-12-09,0.14181072,8.372625823065405
2021-12-10,0.11218511,337.07321626510014
2021-12-11,0.14350556,7.505275118862343
2021-12-12,0.13182425,178.2134013125078
2021-12-13,0.15055016,8.237965529349655
2021-12-14,0.03405042,473.5173583770598
2021-12-15,0.14222382,9.560165701063571
2021-12-16,0.14278305,8.549775698475516
2021-12-17,0.13838476,231.15755193092951
2021-12-18,0.16522922,7.703134821369439
2021-12-19,0.15575314,33.44035220144572
2021-12-20,0.16296145,7.062827283527257
2021-12-21,0.16287619,8.323935231479581
2021-12-22,0.15355827,8.085448764847026
2021-12-23,0.16980264,95.68820365099792
2021-12-24,0.1328251,94.9503342166308
2021-12-25,0.14164594,9.19900781234116
2021-12-26,0.18776649,372.433660058886
2021-12-27,0.13095085,9.15714410408925
2021-12-28,0.113070354,670.2821898728658
2021-12-29,0.14490536,9.147737540691452
2021-12-30,0.15335296,9.444878156747798
2021-12-31,0.13896273,9.759332935036111
2022-01-01,0.14596029,7.665350248882928
2022-01-02,0.14825892,8.692865923325543
2022-01-03,0.15651229,9.91133541568953
2022-01-04,0.15446532,183.3028624425557
2022-01-05,0.15218034,9.11691610647327
2022-01-06,0.1546087,9.32727818961022
2022-01-07,0.16031761,7.898764037826748
2022-01-08,0.1529548,89.38806373339611
2022-01-09,0.10781017,100.21046135813198
2022-01-10,0.14897563,7.182642887791939
2022-01-11,0.10950583,323.0797040441586
2022-01-12,0.15524061,9.17866516722376
2022-01-13,0.10869309,193.4099086692166
2022-01-14,0.15791593,9.679987131056803
2022-01-15,0.1070644,493.34458457233006
2022-01-16,0.15710357,7.873052139018014
2022-01-17,0.15642297,8.073390842399744
2022-01-18,0.1315733,467.69610834195896
2022-01-19,0.15040213,9.146691236706902
2022-01-20,0.14808749,46.94567706535488
2022-01-21,0.15931493,9.061622474638067
2022-01-22,0.14179097,343.262516307239
2022-01-23,0.15133557,9.140808835233734
2022-01-24,0.16243795,91.0757768832422
2022-01-25,0.102184646,101.43419897614504
2022-01-26,0.1673015,8.437322537264127
2022-01-27,0.17664586,380.9846970206969
2022-01-28,0.16296135,8.613161235141472
2022-01-29,0.124510884,670.7206877474016
2022-01-30,0.15446202,7.724206316433449
2022-01-31,0.16027404,235.22683348807328
2022-02-01,0.21206142,9.43464968231432
2022-02-02,0.15665402,8.018721593931701
2022-02-03,0.15737163,234.1100846942417
2022-02-04,0.33749634,21.456838525640705
2022-02-05,0.13563196,658.282203353129
2022-02-06,0.20412888,9.403436183535938
2022-02-07,0.10632001,377.5450555739472
2022-02-08,0.18120056,7.473327707642722
2022-02-09,0.17872517,9.395909362798974
2022-02-10,0.11199598,95.78006669535876
2022-02-11,0.14364338,8.348682793529296
2022-02-12,0.10690211,330.2253381624936
2022-02-13,0.15908644,8.599202529392164
2022-02-14,0.14543226,182.3321904126846
2022-02-15,0.15057717,8.45682836267492
2022-02-16,0.17929156,232.20880749850508
2022-02-17,0.14844619,9.426250812013306
2022-02-18,0.16210802,8.68877647039809
2022-02-19,0.13095556,469.8795543787559
2022-02-20,0.16165914,9.176025508326664
2022-02-21,0.12940808,45.27131235343786
2022-02-22,0.14817405,8.525543057807724
2022-02-23,0.12818724,338.53051783243563
2022-02-24,0.13455725,8.121194022000491
2022-02-25,0.1481869,89.63540080829044
2022-02-26,0.14777836,10.020010295078537
2022-02-27,0.164703,9.4064542632379
2022-02-28,0.12192268,319.51395620284615
2022-03-01,0.15181018,9.84986265645632
2022-03-02,0.13020836,193.6565807823981
2022-03-03,0.14833774,8.753673344865849
2022-03-04,0.11088941,491.9552762893795
2022-03-05,0.14446571,8.89187118306639
2022-03-06,0.15110435,7.647917615793824
2022-03-07,0.15814272,241.00827619071453
2022-03-08,0.15499368,9.956688693525862
2022-03-09,0.12889647,45.0028532560999
2022-03-10,0.14582115,8.82234688689299
2022-03-11,0.17909603,373.2062655000572
2022-03-12,0.14540784,7.663033885876934
2022-03-13,0.15822227,8.451159543635795
2022-03-14,0.10499523,99.46774226659832
2022-03-15,0.17312956,7.743026309450724
2022-03-16,0.14736629,8.717800798366007
2022-03-17,0.14973341,7.125258606183331
2022-03-18,0.18951,513.0778265538689
2022-03-19,0.15160632,9.093633845630125
2022-03-20,0.15875836,8.469402538019947
2022-03-21,0.14635903,8.763329064117986
2022-03-22,0.15507632,8.105523718384907
2022-03-23,0.11401637,473.0115221357888
2022-03-24,0.16556391,8.535095093316732
2022-03-25,0.14229141,42.75734889603677
2022-03-26,0.15655687,7.831341913280265
2022-03-27,0.13155988,329.5151939662383
2022-03-28,0.16151509,9.180488702821588
2022-03-29,0.15808983,47.55224028151379
2022-03-30,0.1344964,96.86728366724208
2022-03-31,0.17477062,8.824303939034028
2022-04-01,0.20924902,375.58834507446375
2022-04-02,0.15925622,8.653329280845268
2022-04-03,0.17532302,670.8460181634998
2022-04-04,0.16158544,8.069308886031049
2022-04-05,0.17142166,8.473581136454577
2022-04-06,0.15868545,7.855578787504878
2022-04-07,0.16341767,9.388285252496434
2022-04-08,0.16298032,9.659137724805529
2022-04-09,0.16505054,9.347984436297557
2022-04-10,0.117100246,653.1067449537187
2022-04-11,0.16918415,10.066128780450333
2022-04-12,0.15801948,374.8741901888088
2022-04-13,0.16597366,8.562594289594506
2022-04-14,0.17473574,8.10976351241254
2022-04-15,0.17498165,8.146487127950845
2022-04-16,0.16602209,7.745158524404608
2022-04-17,0.13056572,321.3340484940173
2022-04-18,0.17739323,9.52151335466996
2022-04-19,0.13081984,194.341471126367
2022-04-20,0.16285476,8.600760016507845
2022-04-21,0.033104043,481.6326046382565
2022-04-22,0.17198925,9.679968438819484
2022-04-23,0.1743872,8.461814210926407
2022-04-24,0.15535259,240.1513314781372
2022-04-25,0.1645209,47.599411855868304
2022-04-26,0.16115932,43.2091153287648
2022-04-27,0.19935437,7.890963128959672
2022-04-28,0.14219184,332.03538415530335
2022-04-29,0.17436644,9.284214373539175
2022-04-30,0.17516382,91.69326425013811
2022-05-01,0.11963766,100.25020387064892
2022-05-02,0.17927867,7.195039278349818
2022-05-03,0.18450929,380.3579347619514
2022-05-04,0.17763622,7.331360598814143
2022-05-05,0.16541024,187.7702131716184
2022-05-06,0.16247988,9.071859348884988
2022-05-07,0.22541451,230.57856938621296
2022-05-08,0.17091282,8.180348280324537
2022-05-09,0.1837787,9.196693667156886
2022-05-10,0.13389435,471.1999737508067
2022-05-11,0.18510064,7.9244006671893406
2022-05-12,0.12289011,650.5054380278561
2022-05-13,0.1795756,8.896979216071658
2022-05-14,0.1438538,332.39967842298626
2022-05-15,0.18239447,7.575457020986788
2022-05-16,0.18718714,8.846977293922286
2022-05-17,0.18468761,8.071683402640604
2022-05-18,0.18184254,8.40539785360364
2022-05-19,0.12559313,320.7810846625299
2022-05-20,0.18708175,9.780961269455736
2022-05-21,0.17172173,191.96599645875705
2022-05-22,0.18568462,8.19887573539805
2022-05-23,0.047888987,483.05057702077033
2022-05-24,0.1812681,9.673908617591264
2022-05-25,0.19942883,8.107730674586625
2022-05-26,0.18713556,241.3259686970653
2022-05-27,0.19932158,9.31451820817973
2022-05-28,0.1595211,43.49621587552114
2022-05-29,0.18629707,7.791446183098622
2022-05-30,0.18405019,8.259746053169906
2022-05-31,0.19031,7.118988217966065
2022-06-01,0.18589666,7.662681057292977
2022-06-02,0.18197116,7.582424822468804
2022-06-03,0.18951495,9.21027015340776
2022-06-04,0.19735461,373.99429550763926
2022-06-05,0.19657286,8.436796429966607
2022-06-06,0.18297683,37.22160194656491
2022-06-07,0.18046376,9.039371489919755
2022-06-08,0.04216032,473.2893360351488
2022-06-09,0.18049987,8.03619424521993
2022-06-10,0.17773166,7.448986952208574
2022-06-11,0.090724505,483.50557570957824
2022-06-12,0.18615738,8.932271994604331
2022-06-13,0.11592287,662.6488194908887
2022-06-14,0.18584843,10.30505274626881
2022-06-15,0.12084855,321.5425782808188
2022-06-16,0.19389917,9.99167240870764
2022-06-17,0.1923765,8.741581653722001
2022-06-18,0.13279207,82.48119043965372
2022-06-19,0.18854901,8.591061682785858
2022-06-20,0.18042143,7.974805269971309
2022-06-21,0.18771201,8.449979601730998
2022-06-22,0.1906073,528.433293355437
2022-06-23,0.1943875,7.721987846817042
2022-06-24,0.18882146,9.201782792855688
2022-06-25,0.1854165,9.08192911126805
2022-06-26,0.19088478,9.219075014425645
2022-06-27,0.18589048,8.4739753331597
2022-06-28,0.17512268,34.67005966737218
2022-06-29,0.16615826,19.013741517382112
2022-06-30,0.187965,8.749692818398794
2022-07-01,0.17409958,394.312950013928
2022-07-02,0.18495798,8.0303071750979
2022-07-03,0.19334766,114.90102888446448
2022-07-04,0.13034809,76.68864631644303
2022-07-05,0.18998286,8.182702973926899
2022-07-06,0.18337095,356.8394393894557
2022-07-07,0.19584966,9.384579532529523
2022-07-08,0.114881754,647.6278803207326
2022-07-09,0.1959255,7.216815314427476
2022-07-10,0.27742493,255.46307510410617
2022-07-11,0.19671345,8.941578616022946
2022-07-12,0.19377573,7.649759788958985
2022-07-13,0.10390658,497.2494783720553
2022-07-14,0.20339389,8.510263456243946
2022-07-15,0.19042826,18.460344662987573
2022-07-16,0.21744296,8.31604166022802
2022-07-17,0.14918861,305.1325663478407
2022-07-18,0.19834669,7.895319741044836
2022-07-19,0.06206804,601.6496999689504
2022-07-20,0.19361572,8.363022917453252
2022-07-21,0.19654301,6.908610901155616
2022-07-22,0.1276753,353.0850153473507
2022-07-23,0.1954718,8.53536280070266
2022-07-24,0.18134971,59.56325141381803
2022-07-25,0.19624962,7.0925791116750245
2022-07-26,0.192578,8.180887454919628
2022-07-27,0.18936236,8.467114638906759
2022-07-28,0.19243853,8.38335289691027
2022-07-29,0.18115324,213.0633258736281
2022-07-30,0.19247921,7.9237796020935
2022-07-31,0.10498708,679.0124594720552
2022-08-01,0.1899646,9.320230118485854
2022-08-02,0.1585411,304.6435615438741
2022-08-03,0.18634321,8.463099628588528
2022-08-04,0.17809302,118.17533875266312
2022-08-05,0.14050466,74.479333208044
2022-08-06,0.19565055,6.851966379111553
2022-08-07,0.19210787,353.1658867025873
2022-08-08,0.19462852,9.9541926714346
2022-08-09,0.18755457,58.15963981765426
2022-08-10,0.19708167,7.1378915241389125
2022-08-11,0.26185265,256.373452178407
2022-08-12,0.18812424,8.005952644870787
2022-08-13,0.1890671,9.290646512839686
2022-08-14,0.105291754,497.178700721488
2022-08-15,0.1976779,9.099257353795108
2022-08-16,0.109780416,494.9395035428508
2022-08-17,0.19341452,9.175739420782898
2022-08-18,0.20370814,397.0056683886186
2022-08-19,0.2062921,8.590841299598635
2022-08-20,0.07195171,603.801407622451
2022-08-21,0.19101697,8.570225966852991
2022-08-22,0.19808054,8.035364394660713
2022-08-23,0.13079664,347.13808108584
2022-08-24,0.25387415,8.504247338263637
2022-08-25,0.14748856,649.5176302787689
2022-08-26,0.20307517,8.523170789388262
2022-08-27,0.16040966,457.659127494062
2022-08-28,0.20789516,8.533934487721844
2022-08-29,0.19785419,7.180522178915631
2022-08-30,0.14729929,247.49615664282277
2022-08-31,0.25207612,8.059356507239873
2022-09-01,0.1045004,498.9687053732748
2022-09-02,0.22317791,9.398561921301024
2022-09-03,0.24504133,8.723506087554835
2022-09-04,0.2065132,7.693229241222181
2022-09-05,0.19091585,617.499885744652
2022-09-06,0.1532382,82.11623373638983
2022-09-07,0.1846962,8.407976882058263
2022-09-08,0.17211834,363.96402319569233
2022-09-09,0.18009208,9.357116422660544
2022-09-10,0.16491714,173.05625144512666
2022-09-11,0.17619991,8.698601052980163
2022-09-12,0.22131886,245.62180459132443
2022-09-13,0.17040454,8.595686845665574
2022-09-14,0.17618099,7.742126123381512
2022-09-15,0.15076494,230.0940741865097
2022-09-16,0.17780796,7.67469019700982
2022-09-17,0.18101373,29.937474377010528
2022-09-18,0.17455183,9.327302577461884
2022-09-19,0.13067877,325.9522451225931
2022-09-20,0.17563045,7.2525491613072335
2022-09-21,0.17911018,9.34242304782064
2022-09-22,0.17452869,8.916893209892162
2022-09-23,0.18854047,9.495155506717866
2022-09-24,0.1965003,375.4130759273616
2022-09-25,0.18127689,9.10760326587756
2022-09-26,0.14703138,671.7023015911676
2022-09-27,0.17513473,7.520927084861614
2022-09-28,0.08533609,480.4560198370203
2022-09-29,0.17222072,7.833288337157073
2022-09-30,0.18864937,10.368176456770836
2022-10-01,0.16105276,237.773315399374
2022-10-02,0.17784674,9.532691308575147
2022-10-03,0.15513155,43.01356848006453
2022-10-04,0.18281391,8.789465462797493
2022-10-05,0.14641051,375.48816877003645
2022-10-06,0.19127744,7.991341673001516
2022-10-07,0.17662859,93.4455554265254
2022-10-08,0.17582534,9.096643862988602
2022-10-09,0.19120654,9.126071193821014
2022-10-10,0.20770824,374.5337018224292
2022-10-11,0.18631816,8.289499226500299
2022-10-12,0.1759967,182.5693327309423
2022-10-13,0.19179249,9.41272349249941
2022-10-14,0.18910721,7.51897097278387
2022-10-15,0.17665842,7.830362078665561
2022-10-16,0.18983994,8.304945436135005
2022-10-17,0.115293466,473.14976233970697
2022-10-18,0.21971738,8.77723112814
2022-10-19,0.11443223,651.8815343794647
2022-10-20,0.1884647,9.362077310415517
2022-10-21,0.14648655,331.88087260483763
2022-10-22,0.1935057,7.094948984885246
2022-10-23,0.17726623,91.21249602372288
2022-10-24,0.16749954,51.25501854047013
2022-10-25,0.19945301,8.16031959031575
2022-10-26,0.18528716,9.35295152143572
2022-10-27,0.19021054,8.286668991661442
2022-10-28,0.12525696,510.6259339467608
2022-10-29,0.24583581,7.270334792565462
2022-10-30,0.106920175,479.8431643942346
2022-10-31,0.20294452,9.285898310060224
2022-11-01,0.21242969,8.226238345220267
2022-11-02,0.18623185,9.600108534202684
2022-11-03,0.19261557,8.433208589215997
2022-11-04,0.10680379,652.2951941589836
2022-11-05,0.18062516,9.982411307817111
2022-11-06,0.19142543,8.969831952464101
2022-11-07,0.19561252,9.102111585001673
2022-11-08,0.18164669,93.37997813216424
2022-11-09,0.13341664,97.13638379336516
2022-11-10,0.18328084,7.485598935523246
2022-11-11,0.09584228,329.5576211945183
2022-11-12,0.24399202,9.697782173734756
2022-11-13,0.12626062,512.180281992368
2022-11-14,0.21358664,8.851395218921173
2022-11-15,0.077810384,479.3843667599018
2022-11-16,0.19031078,8.56160190898219
2022-11-17,0.20617348,9.50792630307619
2022-11-18,0.11327287,473.06746730737217
2022-11-19,0.1952925,8.174982772389882
2022-11-20,0.18076614,43.3426360419679
2022-11-21,0.18371338,8.428221788843322
2022-11-22,0.16111507,332.3567590472862
2022-11-23,0.19082247,8.431600320178577
2022-11-24,0.21511337,7.178027688836057
2022-11-25,0.13150571,100.26589680600102
2022-11-26,0.2692202,7.584099965096095
2022-11-27,0.21370202,381.3087915696074
2022-11-28,0.19308113,8.030933131505703
2022-11-29,0.17957096,670.6035787056128
2022-11-30,0.2223426,8.627406105383931
2022-12-01,0.12862167,491.9905901020477
2022-12-02,0.17455931,8.685729162750425
2022-12-03,0.18607509,8.215359616072828
2022-12-04,0.17722644,238.2122020482768
2022-12-05,0.2177622,8.009461371131422
2022-12-06,0.14874785,44.2953268973648
2022-12-07,0.20260894,9.054814319267576
2022-12-08,0.12762801,330.8763234305803
2022-12-09,0.191218,9.073188016504105
2022-12-10,0.17772004,93.68691125991856
2022-12-11,0.11745403,95.99976821910283
2022-12-12,0.17876488,9.427995834889442
2022-12-13,0.18142551,372.6387880953265
2022-12-14,0.18157345,9.373287173552033
2022-12-15,0.10383028,513.9188709438331
2022-12-16,0.16824254,7.868852495338116
2022-12-17,0.17242745,9.30673695531494
2022-12-18,0.16370407,7.650593906599528
2022-12-19,0.16867256,8.043146452701135
2022-12-20,0.0930169,478.1236396047656
2022-12-21,0.17097746,7.381235067307367
2022-12-22,0.09646078,654.4645340067399
2022-12-23,0.18882221,7.872034483086732
2022-12-24,0.12960465,328.25569480375856
2022-12-25,0.1765865,9.100235719424273
2022-12-26,0.1838161,8.413596293339511
2022-12-27,0.17013189,8.722152010991232
2022-12-28,0.17991062,8.314832368587666
2022-12-29,0.16577591,8.62547725372522
2022-12-30,0.17233595,9.470627468512392
2022-12-31,0.18342617,37.09764179738986
