Date,soil_moisture,distance
2017-01-01,,9.984826047435694
2017-01-02,0.19110423,9.984826047435694
2017-01-03,0.21030974,9.984826047435694
2017-01-04,0.16820036,9.984826047435694
2017-01-05,,9.984826047435694
2017-01-06,0.18310389,9.984826047435694
2017-01-07,0.17555392,9.984826047435694
2017-01-08,0.18774204,9.984826047435694
2017-01-09,0.16835994,9.984826047435694
2017-01-10,,9.984826047435694
2017-01-11,,9.984826047435694
2017-01-12,,9.984826047435694
2017-01-13,,9.984826047435694
2017-01-14,0.18413737,9.984826047435694
2017-01-15,0.18602946,9.984826047435694
2017-01-16,,9.984826047435694
2017-01-17,,9.984826047435694
2017-01-18,0.16800229,9.984826047435694
2017-01-19,,9.984826047435694
2017-01-20,0.21178146,9.984826047435694
2017-01-21,0.18121698,9.984826047435694
2017-01-22,0.17886281,9.984826047435694
2017-01-23,0.17247008,9.984826047435694
2017-01-24,0.18695493,9.984826047435694
2017-01-25,0.17819472,9.984826047435694
2017-01-26,0.17043518,9.984826047435694
2017-01-27,,9.984826047435694
2017-01-28,0.19554141,9.984826047435694
2017-01-29,0.15089291,9.984826047435694
2017-01-30,0.17940803,9.984826047435694
2017-01-31,0.166363,9.984826047435694
2017-02-01,0.13737193,9.984826047435694
2017-02-02,0.17739092,9.984826047435694
2017-02-03,,9.984826047435694
2017-02-04,0.17118454,9.984826047435694
2017-02-05,0.15824442,9.984826047435694
2017-02-06,0.1387009,9.984826047435694
2017-02-07,0.15517189,9.984826047435694
2017-02-08,0.17892726,9.984826047435694
2017-02-09,0.17701851,9.984826047435694
2017-02-10,0.15576051,9.984826047435694
2017-02-11,0.16981263,9.984826047435694
2017-02-12,0.13877316,9.984826047435694
2017-02-13,0.19633862,9.984826047435694
2017-02-14,,9.984826047435694
2017-02-15,0.14385168,9.984826047435694
2017-02-16,0.13428892,9.984826047435694
2017-02-17,0.12369,9.984826047435694
2017-02-18,0.12966906,9.984826047435694
2017-02-19,0.1591049,9.984826047435694
2017-02-20,,9.984826047435694
2017-02-21,0.16615969,9.984826047435694
2017-02-22,,9.984826047435694
2017-02-23,0.1634681,9.984826047435694
2017-02-24,0.16768704,9.984826047435694
2017-02-25,0.13934426,9.984826047435694
2017-02-26,0.16331895,9.984826047435694
2017-02-27,0.1662906,9.984826047435694
2017-02-28,0.16735093,9.984826047435694
2017-03-01,0.1563668,9.984826047435694
2017-03-02,,9.984826047435694
2017-03-03,0.1939256,9.984826047435694
2017-03-04,0.16371724,9.984826047435694
2017-03-05,,9.984826047435694
2017-03-06,0.21038046,9.984826047435694
2017-03-07,0.17153117,9.984826047435694
2017-03-08,0.21795206,9.984826047435694
2017-03-09,0.18853974,9.984826047435694
2017-03-10,0.17933051,9.984826047435694
2017-03-11,0.18698566,9.984826047435694
2017-03-12,0.18531494,9.984826047435694
2017-03-13,0.17560633,9.984826047435694
2017-03-14,0.19487281,9.984826047435694
2017-03-15,,9.984826047435694
2017-03-16,,9.984826047435694
2017-03-17,0.18062478,9.984826047435694
2017-03-18,0.1991299,9.984826047435694
2017-03-19,0.19727035,9.984826047435694
2017-03-20,0.23174362,9.984826047435694
2017-03-21,0.20416033,9.984826047435694
2017-03-22,0.21177335,9.984826047435694
2017-03-23,0.21809888,9.984826047435694
2017-03-24,0.17255023,9.984826047435694
2017-03-25,0.1843363,9.984826047435694
2017-03-26,0.17306785,9.984826047435694
2017-03-27,0.1734064709683608,9.984826047435694
2017-03-28,0.17551237,9.984826047435694
2017-03-29,0.162798,9.984826047435694
2017-03-30,0.15158065,9.984826047435694
2017-03-31,0.14965641,9.984826047435694
2017-04-01,0.14551885,9.984826047435694
2017-04-02,0.14479807,9.984826047435694
2017-04-03,0.14398226,9.984826047435694
2017-04-04,0.12372526,9.984826047435694
2017-04-05,0.15457995,9.984826047435694
2017-04-06,0.14898694,9.984826047435694
2017-04-07,0.1798885630079117,9.984826047435694
2017-04-08,0.14739916,9.984826047435694
2017-04-09,0.1465928,9.984826047435694
2017-04-10,0.15641865,9.984826047435694
2017-04-11,0.13145095,9.984826047435694
2017-04-12,0.19183886,9.984826047435694
2017-04-13,0.18968424,9.984826047435694
2017-04-14,0.19048852,9.984826047435694
2017-04-15,0.18293968,9.984826047435694
2017-04-16,0.19143413,9.984826047435694
2017-04-17,0.20990136,9.984826047435694
2017-04-18,0.19290683,9.984826047435694
2017-04-19,0.17377487,9.984826047435694
2017-04-20,0.13831082,9.984826047435694
2017-04-21,0.14753684,9.984826047435694
2017-04-22,0.1546694,9.984826047435694
2017-04-23,0.14236839,9.984826047435694
2017-04-24,0.15504577795682717,9.984826047435694
2017-04-25,0.1581006,9.984826047435694
2017-04-26,0.15472399,9.984826047435694
2017-04-27,0.14226006,9.984826047435694
2017-04-28,0.1527844393785356,9.984826047435694
2017-04-29,0.14524038864491556,9.984826047435694
2017-04-30,0.14935978,9.984826047435694
2017-05-01,0.13676667965801562,9.984826047435694
2017-05-02,0.16147214,9.984826047435694
2017-05-03,0.15930526,9.984826047435694
2017-05-04,0.15466766,9.984826047435694
2017-05-05,0.13070141,9.984826047435694
2017-05-06,0.13336916,9.984826047435694
2017-05-07,0.15498370075051207,9.984826047435694
2017-05-08,0.15390747909350977,9.984826047435694
2017-05-09,0.18887058,9.984826047435694
2017-05-10,0.21254502,9.984826047435694
2017-05-11,0.17532061,9.984826047435694
2017-05-12,0.17835099,9.984826047435694
2017-05-13,0.169269,9.984826047435694
2017-05-14,0.16488343,9.984826047435694
2017-05-15,0.16017591582675256,9.984826047435694
2017-05-16,0.16995798,9.984826047435694
2017-05-17,0.17371179,9.984826047435694
2017-05-18,0.1680019298666179,9.984826047435694
2017-05-19,0.14863807,9.984826047435694
2017-05-20,0.15573223,9.984826047435694
2017-05-21,0.15006062,9.984826047435694
2017-05-22,0.18153742989932242,9.984826047435694
2017-05-23,0.21217792,9.984826047435694
2017-05-24,0.21282806,9.984826047435694
2017-05-25,0.21182139,9.984826047435694
2017-05-26,0.21031633,9.984826047435694
2017-05-27,0.17333933482800307,9.984826047435694
2017-05-28,0.16527177,9.984826047435694
2017-05-29,0.18685636653463067,9.984826047435694
2017-05-30,0.16199537,9.984826047435694
2017-05-31,0.14391795,9.984826047435694
2017-06-01,0.13665321,9.984826047435694
2017-06-02,0.15223326,9.984826047435694
2017-06-03,0.15492241,9.984826047435694
2017-06-04,0.15208758,9.984826047435694
2017-06-05,0.13800499,9.984826047435694
2017-06-06,0.19008801497304642,9.984826047435694
2017-06-07,0.12725256,9.984826047435694
2017-06-08,0.14624089,9.984826047435694
2017-06-09,0.163876,9.984826047435694
2017-06-10,0.17011776921614744,9.984826047435694
2017-06-11,0.18105212,9.984826047435694
2017-06-12,0.18179719,9.984826047435694
2017-06-13,0.16529636001694792,9.984826047435694
2017-06-14,0.19745688,9.984826047435694
2017-06-15,0.18337028,9.984826047435694
2017-06-16,0.18949342,9.984826047435694
2017-06-17,0.1774575,9.984826047435694
2017-06-18,0.15557837,9.984826047435694
2017-06-19,0.15307063,9.984826047435694
2017-06-20,0.14829891929362293,9.984826047435694
2017-06-21,0.1581006,9.984826047435694
2017-06-22,0.15336676,9.984826047435694
2017-06-23,0.14974245,9.984826047435694
2017-06-24,0.16690807,9.984826047435694
2017-06-25,0.16477677,9.984826047435694
2017-06-26,0.16700298,9.984826047435694
2017-06-27,0.1535629,9.984826047435694
2017-06-28,0.19164328,9.984826047435694
2017-06-29,0.18765048816996524,9.984826047435694
2017-06-30,0.16568618,9.984826047435694
2017-07-01,0.15013704,9.984826047435694
2017-07-02,0.14754352,9.984826047435694
2017-07-03,0.1489842,9.984826047435694
2017-07-04,0.16279801353246937,9.984826047435694
2017-07-05,0.15530941,9.984826047435694
2017-07-06,0.171851,9.984826047435694
2017-07-07,0.15074117,9.984826047435694
2017-07-08,0.15020587,9.984826047435694
2017-07-09,0.15093012,9.984826047435694
2017-07-10,0.15488050609910956,9.984826047435694
2017-07-11,0.17908639,9.984826047435694
2017-07-12,0.18106551,9.984826047435694
2017-07-13,0.19008215,9.984826047435694
2017-07-14,0.204474,9.984826047435694
2017-07-15,0.15212076052369042,9.984826047435694
2017-07-16,0.19559018,9.984826047435694
2017-07-17,0.16371137749767667,9.984826047435694
2017-07-18,0.19551636,9.984826047435694
2017-07-19,0.18907003,9.984826047435694
2017-07-20,0.18836801,9.984826047435694
2017-07-21,0.19315659,9.984826047435694
2017-07-22,0.19093080475554033,9.984826047435694
2017-07-23,0.19465894,9.984826047435694
2017-07-24,0.18617203293930704,9.984826047435694
2017-07-25,0.19237623,9.984826047435694
2017-07-26,0.18302901,9.984826047435694
2017-07-27,0.16221005454179663,9.984826047435694
2017-07-28,0.14977877,9.984826047435694
2017-07-29,0.15231386,9.984826047435694
2017-07-30,0.12479513,9.984826047435694
2017-07-31,0.12701847,9.984826047435694
2017-08-01,0.15665417341077068,9.984826047435694
2017-08-02,0.16789503,9.984826047435694
2017-08-03,0.16228938162852663,9.984826047435694
2017-08-04,0.14911406,9.984826047435694
2017-08-05,0.14096247,9.984826047435694
2017-08-06,0.09636165,9.984826047435694
2017-08-07,0.19079205,9.984826047435694
2017-08-08,0.16700654,9.984826047435694
2017-08-09,0.1526712,9.984826047435694
2017-08-10,0.2010252350773844,9.984826047435694
2017-08-11,0.11722735,9.984826047435694
2017-08-12,0.16119014,9.984826047435694
2017-08-13,0.14119282,9.984826047435694
2017-08-14,0.1531582,9.984826047435694
2017-08-15,0.15921116,9.984826047435694
2017-08-16,0.1352118960027366,9.984826047435694
2017-08-17,0.17956443,9.984826047435694
2017-08-18,0.14325927,9.984826047435694
2017-08-19,0.15471945499456902,9.984826047435694
2017-08-20,0.16483732,9.984826047435694
2017-08-21,0.1471405,9.984826047435694
2017-08-22,0.1673165,9.984826047435694
2017-08-23,0.14793693,9.984826047435694
2017-08-24,0.1464991,9.984826047435694
2017-08-25,0.20733781,9.984826047435694
2017-08-26,0.18116069,9.984826047435694
2017-08-27,0.17672000661325885,9.984826047435694
2017-08-28,0.18783917,9.984826047435694
2017-08-29,0.19907814,9.984826047435694
2017-08-30,0.17409928,9.984826047435694
2017-08-31,0.20068768,9.984826047435694
2017-09-01,0.21451974,9.984826047435694
2017-09-02,0.20602286,9.984826047435694
2017-09-03,0.18894006,9.984826047435694
2017-09-04,0.20383696,9.984826047435694
2017-09-05,0.17917812,9.984826047435694
2017-09-06,0.15611847217821145,9.984826047435694
2017-09-07,0.17079368,9.984826047435694
2017-09-08,0.16790168,9.984826047435694
2017-09-09,0.15791492,9.984826047435694
2017-09-10,0.15305876244466016,9.984826047435694
2017-09-11,0.15731825,9.984826047435694
2017-09-12,0.15179223,9.984826047435694
2017-09-13,0.1630354,9.984826047435694
2017-09-14,0.1548329,9.984826047435694
2017-09-15,0.15056749,9.984826047435694
2017-09-16,0.14598604,9.984826047435694
2017-09-17,0.15825874,9.984826047435694
2017-09-18,0.15198457,9.984826047435694
2017-09-19,0.15029919,9.984826047435694
2017-09-20,0.13322945,9.984826047435694
2017-09-21,0.202881,9.984826047435694
2017-09-22,0.1491958561323152,9.984826047435694
2017-09-23,0.152980099918482,9.984826047435694
2017-09-24,0.19926812,9.984826047435694
2017-09-25,0.17767549,9.984826047435694
2017-09-26,0.18226829,9.984826047435694
2017-09-27,0.20901477,9.984826047435694
2017-09-28,0.18206713,9.984826047435694
2017-09-29,0.20229532,9.984826047435694
2017-09-30,0.18518403,9.984826047435694
2017-10-01,0.18818438481944563,9.984826047435694
2017-10-02,0.16776687,9.984826047435694
2017-10-03,0.19083538615330822,9.984826047435694
2017-10-04,0.18619199,9.984826047435694
2017-10-05,0.1723876,9.984826047435694
2017-10-06,0.18537222,9.984826047435694
2017-10-07,0.1843406573735301,9.984826047435694
2017-10-08,0.16757724,9.984826047435694
2017-10-09,0.20160629,9.984826047435694
2017-10-10,0.19243425,9.984826047435694
2017-10-11,0.20012467,9.984826047435694
2017-10-12,0.18002653,9.984826047435694
2017-10-13,0.1441426310231541,9.984826047435694
2017-10-14,0.21305586,9.984826047435694
2017-10-15,0.20956159,9.984826047435694
2017-10-16,0.17634118,9.984826047435694
2017-10-17,0.19349875,9.984826047435694
2017-10-18,0.201074,9.984826047435694
2017-10-19,0.20327975,9.984826047435694
2017-10-20,0.20404789,9.984826047435694
2017-10-21,0.19362102,9.984826047435694
2017-10-22,0.16482360680867383,9.984826047435694
2017-10-23,0.15247130214649052,9.984826047435694
2017-10-24,0.14713090869680093,9.984826047435694
2017-10-25,0.1968205,9.984826047435694
2017-10-26,0.17913753,9.984826047435694
2017-10-27,0.14853977455813433,9.984826047435694
2017-10-28,0.18538576,9.984826047435694
2017-10-29,0.16201157157839705,9.984826047435694
2017-10-30,0.19100136,9.984826047435694
2017-10-31,0.16469727,9.984826047435694
2017-11-01,0.18114926,9.984826047435694
2017-11-02,0.1866705,9.984826047435694
2017-11-03,0.17628522,9.984826047435694
2017-11-04,0.15664283330045128,9.984826047435694
2017-11-05,0.17784274,9.984826047435694
2017-11-06,0.15857497,9.984826047435694
2017-11-07,0.18234487,9.984826047435694
2017-11-08,0.16810536,9.984826047435694
2017-11-09,0.17555532,9.984826047435694
2017-11-10,0.17963174,9.984826047435694
2017-11-11,0.1608548,9.984826047435694
2017-11-12,0.18005454914689112,9.984826047435694
2017-11-13,0.19701022916013514,9.984826047435694
2017-11-14,0.17492628817213268,9.984826047435694
2017-11-15,0.18809858,9.984826047435694
2017-11-16,0.17853741,9.984826047435694
2017-11-17,0.175684,9.984826047435694
2017-11-18,0.16720521,9.984826047435694
2017-11-19,0.17900468,9.984826047435694
2017-11-20,0.1710371,9.984826047435694
2017-11-21,0.15777347573056175,9.984826047435694
2017-11-22,0.14970073,9.984826047435694
2017-11-23,0.17001152,9.984826047435694
2017-11-24,0.16297904,9.984826047435694
2017-11-25,0.15930209,9.984826047435694
2017-11-26,0.14591734,9.984826047435694
2017-11-27,0.16157334,9.984826047435694
2017-11-28,0.14244245,9.984826047435694
2017-11-29,0.1522184,9.984826047435694
2017-11-30,0.13239431,9.984826047435694
2017-12-01,0.16788237,9.984826047435694
2017-12-02,0.13945808,9.984826047435694
2017-12-03,0.16155851,9.984826047435694
2017-12-04,0.15539667,9.984826047435694
2017-12-05,0.1581588,9.984826047435694
2017-12-06,0.1590047,9.984826047435694
2017-12-07,0.21135464,9.984826047435694
2017-12-08,0.19196828,9.984826047435694
2017-12-09,0.21864069,9.984826047435694
2017-12-10,0.21739317,9.984826047435694
2017-12-11,0.19952428,9.984826047435694
2017-12-12,0.19335066,9.984826047435694
2017-12-13,0.19250011,9.984826047435694
2017-12-14,0.22240365,9.984826047435694
2017-12-15,0.20070083,9.984826047435694
2017-12-16,0.2046299,9.984826047435694
2017-12-17,0.19916277,9.984826047435694
2017-12-18,0.19912979,9.984826047435694
2017-12-19,0.20230421,9.984826047435694
2017-12-20,0.16773083530532593,9.984826047435694
2017-12-21,0.18266888,9.984826047435694
2017-12-22,0.1873041,9.984826047435694
2017-12-23,0.1775819778211301,9.984826047435694
2017-12-24,0.18656126,9.984826047435694
2017-12-25,0.18393856,9.984826047435694
2017-12-26,0.17323501,9.984826047435694
2017-12-27,0.15792832,9.984826047435694
2017-12-28,0.17943291,9.984826047435694
2017-12-29,0.15029866,9.984826047435694
2017-12-30,0.2018285811886878,9.984826047435694
2017-12-31,0.15823606,9.984826047435694
2018-01-01,0.15529993,9.984826047435694
2018-01-02,0.16918924,9.984826047435694
2018-01-03,0.16314794,9.984826047435694
2018-01-04,0.15420173,9.984826047435694
2018-01-05,0.19291985613210605,9.984826047435694
2018-01-06,0.15088098,9.984826047435694
2018-01-07,0.1536829,9.984826047435694
2018-01-08,0.14950998,9.984826047435694
2018-01-09,0.1380165,9.984826047435694
2018-01-10,0.17188744215782334,9.984826047435694
2018-01-11,0.1835772,9.984826047435694
2018-01-12,0.19940378,9.984826047435694
2018-01-13,0.18802844,9.984826047435694
2018-01-14,0.17745492755575942,9.984826047435694
2018-01-15,0.1722059,9.984826047435694
2018-01-16,0.14506744,9.984826047435694
2018-01-17,0.17798707,9.984826047435694
2018-01-18,0.13824613,9.984826047435694
2018-01-19,0.14191425,9.984826047435694
2018-01-20,0.12406593,9.984826047435694
2018-01-21,0.14751591,9.984826047435694
2018-01-22,0.15850542,9.984826047435694
2018-01-23,0.16818558937545572,9.984826047435694
2018-01-24,0.15999742,9.984826047435694
2018-01-25,0.16445948,9.984826047435694
2018-01-26,0.11816287,9.984826047435694
2018-01-27,0.10358143,9.984826047435694
2018-01-28,0.190407417644739,9.984826047435694
2018-01-29,0.16173255,9.984826047435694
2018-01-30,0.1299605,9.984826047435694
2018-01-31,0.13982229,9.984826047435694
2018-02-01,0.15267205,9.984826047435694
2018-02-02,0.15378879,9.984826047435694
2018-02-03,0.15362747,9.984826047435694
2018-02-04,0.19385344,9.984826047435694
2018-02-05,0.19173624,9.984826047435694
2018-02-06,0.14961739,9.984826047435694
2018-02-07,0.15046382,9.984826047435694
2018-02-08,0.14182684,9.984826047435694
2018-02-09,0.18538676,9.984826047435694
2018-02-10,0.16301386,9.984826047435694
2018-02-11,0.16829410133639655,9.984826047435694
2018-02-12,0.17349602,9.984826047435694
2018-02-13,0.16866106,9.984826047435694
2018-02-14,0.14518955,9.984826047435694
2018-02-15,0.16530874,9.984826047435694
2018-02-16,0.20916146,9.984826047435694
2018-02-17,0.13131103,9.984826047435694
2018-02-18,0.19873163,9.984826047435694
2018-02-19,0.21064143,9.984826047435694
2018-02-20,0.20418648,9.984826047435694
2018-02-21,0.19021724,9.984826047435694
2018-02-22,0.19574643871406203,9.984826047435694
2018-02-23,0.21587999,9.984826047435694
2018-02-24,0.19859590721694667,9.984826047435694
2018-02-25,0.16988714,9.984826047435694
2018-02-26,0.20105488380757439,9.984826047435694
2018-02-27,0.16239372,9.984826047435694
2018-02-28,0.14302154,9.984826047435694
2018-03-01,0.1982821,9.984826047435694
2018-03-02,0.20401908913789638,9.984826047435694
2018-03-03,0.17800108,9.984826047435694
2018-03-04,0.16254316,9.984826047435694
2018-03-05,0.19739431,9.984826047435694
2018-03-06,0.18787122,9.984826047435694
2018-03-07,0.19083233,9.984826047435694
2018-03-08,0.193019,9.984826047435694
2018-03-09,0.16142222,9.984826047435694
2018-03-10,0.17095601336165137,9.984826047435694
2018-03-11,0.14643206,9.984826047435694
2018-03-12,0.15269391,9.984826047435694
2018-03-13,0.14955375,9.984826047435694
2018-03-14,0.15606022,9.984826047435694
2018-03-15,0.15564142966747188,9.984826047435694
2018-03-16,0.14753038,9.984826047435694
2018-03-17,0.14671376,9.984826047435694
2018-03-18,0.108570255,9.984826047435694
2018-03-19,0.13304995,9.984826047435694
2018-03-20,0.15430267,9.984826047435694
2018-03-21,0.15069504,9.984826047435694
2018-03-22,0.15154082,9.984826047435694
2018-03-23,0.15025324891702307,9.984826047435694
2018-03-24,0.15029410393198633,9.984826047435694
2018-03-25,0.12005259,9.984826047435694
2018-03-26,0.12485875,9.984826047435694
2018-03-27,0.111327395,9.984826047435694
2018-03-28,0.14142853,9.984826047435694
2018-03-29,0.12967165,9.984826047435694
2018-03-30,0.14704251,9.984826047435694
2018-03-31,0.13963301,9.984826047435694
2018-04-01,0.12709166,9.984826047435694
2018-04-02,0.1526011,9.984826047435694
2018-04-03,0.09904006,9.984826047435694
2018-04-04,0.16031098,9.984826047435694
2018-04-05,0.16429071,9.984826047435694
2018-04-06,0.17297958,9.984826047435694
2018-04-07,0.16533284,9.984826047435694
2018-04-08,0.15313824,9.984826047435694
2018-04-09,0.13792074,9.984826047435694
2018-04-10,0.14358108,9.984826047435694
2018-04-11,0.1413648,9.984826047435694
2018-04-12,0.13526668,9.984826047435694
2018-04-13,0.11860218091830466,9.984826047435694
2018-04-14,0.13822650999300495,9.984826047435694
2018-04-15,0.13996598,9.984826047435694
2018-04-16,0.16934143,9.984826047435694
2018-04-17,0.14800840846408503,9.984826047435694
2018-04-18,0.1337078,9.984826047435694
2018-04-19,0.13531777,9.984826047435694
2018-04-20,0.17160001,9.984826047435694
2018-04-21,0.17667826,9.984826047435694
2018-04-22,0.18477786,9.984826047435694
2018-04-23,0.14674169379506732,9.984826047435694
2018-04-24,0.20848857,9.984826047435694
2018-04-25,0.19607805,9.984826047435694
2018-04-26,0.20035675,9.984826047435694
2018-04-27,0.16354053,9.984826047435694
2018-04-28,0.14355785,9.984826047435694
2018-04-29,0.16044504764103948,9.984826047435694
2018-04-30,0.15903161746414132,9.984826047435694
2018-05-01,0.14729134144268566,9.984826047435694
2018-05-02,0.14936933,9.984826047435694
2018-05-03,0.13409424,9.984826047435694
2018-05-04,0.12965228,9.984826047435694
2018-05-05,0.122228295,9.984826047435694
2018-05-06,0.13777295,9.984826047435694
2018-05-07,0.12388132,9.984826047435694
2018-05-08,0.11695036,9.984826047435694
2018-05-09,0.12915704,9.984826047435694
2018-05-10,0.12840661,9.984826047435694
2018-05-11,0.1306916,9.984826047435694
2018-05-12,0.11882823,9.984826047435694
2018-05-13,0.16790939056476997,9.984826047435694
2018-05-14,0.13670124,9.984826047435694
2018-05-15,0.15971037860724735,9.984826047435694
2018-05-16,0.124627635,9.984826047435694
2018-05-17,0.1326513,9.984826047435694
2018-05-18,0.08698346,9.984826047435694
2018-05-19,0.14136241,9.984826047435694
2018-05-20,0.21013256043044437,9.984826047435694
2018-05-21,0.18643012485759825,9.984826047435694
2018-05-22,0.13041966,9.984826047435694
2018-05-23,0.11433429,9.984826047435694
2018-05-24,0.105720446,9.984826047435694
2018-05-25,0.094319515,9.984826047435694
2018-05-26,0.14982261,9.984826047435694
2018-05-27,0.1475826,9.984826047435694
2018-05-28,0.16421285,9.984826047435694
2018-05-29,0.1471433918954115,9.984826047435694
2018-05-30,0.19751696,9.984826047435694
2018-05-31,0.18745738,9.984826047435694
2018-06-01,0.13578589418789982,9.984826047435694
2018-06-02,0.1645357,9.984826047435694
2018-06-03,0.20806852,9.984826047435694
2018-06-04,0.16204422524793646,9.984826047435694
2018-06-05,0.14921676,9.984826047435694
2018-06-06,0.14834294,9.984826047435694
2018-06-07,0.16110802,9.984826047435694
2018-06-08,0.13876623003905705,9.984826047435694
2018-06-09,0.1322023,9.984826047435694
2018-06-10,0.12562526693314385,9.984826047435694
2018-06-11,0.12771825,9.984826047435694
2018-06-12,0.13731803,9.984826047435694
2018-06-13,0.12333714,9.984826047435694
2018-06-14,0.13237089,9.984826047435694
2018-06-15,0.13409281590786018,9.984826047435694
2018-06-16,0.13177246,9.984826047435694
2018-06-17,0.14656861,9.984826047435694
2018-06-18,0.12653138753799956,9.984826047435694
2018-06-19,0.1433054556081961,9.984826047435694
2018-06-20,0.1619190554438487,9.984826047435694
2018-06-21,0.21366303,9.984826047435694
2018-06-22,0.24178678,9.984826047435694
2018-06-23,0.14789610039483064,9.984826047435694
2018-06-24,0.24259295,9.984826047435694
2018-06-25,0.24024011,9.984826047435694
2018-06-26,0.21946491,9.984826047435694
2018-06-27,0.21870215,9.984826047435694
2018-06-28,0.20542678,9.984826047435694
2018-06-29,0.21754785,9.984826047435694
2018-06-30,0.21504024,9.984826047435694
2018-07-01,0.23794681,9.984826047435694
2018-07-02,0.14515800003620682,9.984826047435694
2018-07-03,0.13391198170776636,9.984826047435694
2018-07-04,0.14046749445778842,9.984826047435694
2018-07-05,0.17020945093500311,9.984826047435694
2018-07-06,0.1833902,9.984826047435694
2018-07-07,0.21018219,9.984826047435694
2018-07-08,0.21458556,9.984826047435694
2018-07-09,0.22740103,9.984826047435694
2018-07-10,0.19975537,9.984826047435694
2018-07-11,0.20154884,9.984826047435694
2018-07-12,0.2051237,9.984826047435694
2018-07-13,0.17217602,9.984826047435694
2018-07-14,0.16895847,9.984826047435694
2018-07-15,0.15921012,9.984826047435694
2018-07-16,0.15391023,9.984826047435694
2018-07-17,0.1697396,9.984826047435694
2018-07-18,0.17668834,9.984826047435694
2018-07-19,0.16743557,9.984826047435694
2018-07-20,0.14767432,9.984826047435694
2018-07-21,0.14027536,9.984826047435694
2018-07-22,0.12928188,9.984826047435694
2018-07-23,0.1576491,9.984826047435694
2018-07-24,0.16230398,9.984826047435694
2018-07-25,0.19011296,9.984826047435694
2018-07-26,0.17993364,9.984826047435694
2018-07-27,0.17475964,9.984826047435694
2018-07-28,0.19434531,9.984826047435694
2018-07-29,0.18517666,9.984826047435694
2018-07-30,0.222319,9.984826047435694
2018-07-31,0.1830281,9.984826047435694
2018-08-01,0.25549772,9.984826047435694
2018-08-02,0.23874342,9.984826047435694
2018-08-03,0.2280423,9.984826047435694
2018-08-04,0.2286171,9.984826047435694
2018-08-05,0.23874423,9.984826047435694
2018-08-06,0.21595633,9.984826047435694
2018-08-07,0.23592842,9.984826047435694
2018-08-08,0.21860138,9.984826047435694
2018-08-09,0.20594773,9.984826047435694
2018-08-10,0.15775727092047662,9.984826047435694
2018-08-11,0.20174643,9.984826047435694
2018-08-12,0.22425981,9.984826047435694
2018-08-13,0.27897897,9.984826047435694
2018-08-14,0.23302244,9.984826047435694
2018-08-15,0.2192305,9.984826047435694
2018-08-16,0.20997147,9.984826047435694
2018-08-17,0.23468107,9.984826047435694
2018-08-18,0.24316356,9.984826047435694
2018-08-19,0.15417232,9.984826047435694
2018-08-20,0.21781948,9.984826047435694
2018-08-21,0.20634373,9.984826047435694
2018-08-22,0.20353945,9.984826047435694
2018-08-23,0.21904413,9.984826047435694
2018-08-24,0.19608317,9.984826047435694
2018-08-25,0.20604639,9.984826047435694
2018-08-26,0.21647358,9.984826047435694
2018-08-27,0.22282696,9.984826047435694
2018-08-28,0.19037408,9.984826047435694
2018-08-29,0.20984864,9.984826047435694
2018-08-30,0.22351746,9.984826047435694
2018-08-31,0.21075682,9.984826047435694
2018-09-01,0.20742878,9.984826047435694
2018-09-02,0.1332030092774235,9.984826047435694
2018-09-03,0.2181473,9.984826047435694
2018-09-04,0.19908701,9.984826047435694
2018-09-05,0.20429268,9.984826047435694
2018-09-06,0.1773675,9.984826047435694
2018-09-07,0.17762664,9.984826047435694
2018-09-08,0.1867256,9.984826047435694
2018-09-09,0.20347147,9.984826047435694
2018-09-10,0.18306185,9.984826047435694
2018-09-11,0.19941676,9.984826047435694
2018-09-12,0.18257701,9.984826047435694
2018-09-13,0.21035939755579278,9.984826047435694
2018-09-14,0.20280758949398925,9.984826047435694
2018-09-15,0.19100769,9.984826047435694
2018-09-16,0.22252221,9.984826047435694
2018-09-17,0.16391397,9.984826047435694
2018-09-18,0.17307676,9.984826047435694
2018-09-19,0.19994512,9.984826047435694
2018-09-20,0.16982219,9.984826047435694
2018-09-21,0.21354152,9.984826047435694
2018-09-22,0.22195704,9.984826047435694
2018-09-23,0.22418961,9.984826047435694
2018-09-24,0.21785596,9.984826047435694
2018-09-25,0.23193072,9.984826047435694
2018-09-26,0.23372385,9.984826047435694
2018-09-27,0.21578471,9.984826047435694
2018-09-28,0.20186232,9.984826047435694
2018-09-29,0.19961835,9.984826047435694
2018-09-30,0.2239808,9.984826047435694
2018-10-01,0.2250259,9.984826047435694
2018-10-02,0.22988608,9.984826047435694
2018-10-03,0.2368985,9.984826047435694
2018-10-04,0.21599105,9.984826047435694
2018-10-05,0.23450735,9.984826047435694
2018-10-06,0.20651767,9.984826047435694
2018-10-07,0.2126405,9.984826047435694
2018-10-08,0.21010743,9.984826047435694
2018-10-09,0.17882973,9.984826047435694
2018-10-10,0.21037626,9.984826047435694
2018-10-11,0.23750664,9.984826047435694
2018-10-12,0.22994593,9.984826047435694
2018-10-13,0.22898023,9.984826047435694
2018-10-14,0.23103459,9.984826047435694
2018-10-15,0.19103588903086047,9.984826047435694
2018-10-16,0.22988367,9.984826047435694
2018-10-17,0.22858764,9.984826047435694
2018-10-18,0.21670173677264537,9.984826047435694
2018-10-19,0.21847965,9.984826047435694
2018-10-20,0.22387443129223966,9.984826047435694
2018-10-21,0.22497243,9.984826047435694
2018-10-22,0.22402366,9.984826047435694
2018-10-23,0.20772618,9.984826047435694
2018-10-24,0.25694105,9.984826047435694
2018-10-25,0.24752216,9.984826047435694
2018-10-26,0.22221448,9.984826047435694
2018-10-27,0.19526298,9.984826047435694
2018-10-28,0.20897225,9.984826047435694
2018-10-29,0.21668558,9.984826047435694
2018-10-30,0.228683,9.984826047435694
2018-10-31,0.20827831,9.984826047435694
2018-11-01,0.22965077,9.984826047435694
2018-11-02,0.21058254,9.984826047435694
2018-11-03,0.21148537,9.984826047435694
2018-11-04,0.22367038,9.984826047435694
2018-11-05,0.20262575,9.984826047435694
2018-11-06,0.22236528,9.984826047435694
2018-11-07,0.18590234,9.984826047435694
2018-11-08,0.18878204,9.984826047435694
2018-11-09,0.184784,9.984826047435694
2018-11-10,0.18335114,9.984826047435694
2018-11-11,0.17753503,9.984826047435694
2018-11-12,0.20622388,9.984826047435694
2018-11-13,0.20485385,9.984826047435694
2018-11-14,0.19144887,9.984826047435694
2018-11-15,0.1836755,9.984826047435694
2018-11-16,0.21272254,9.984826047435694
2018-11-17,0.20466192,9.984826047435694
2018-11-18,0.17273495,9.984826047435694
2018-11-19,0.20479032,9.984826047435694
2018-11-20,0.2203539,9.984826047435694
2018-11-21,0.21944574,9.984826047435694
2018-11-22,0.17964812,9.984826047435694
2018-11-23,0.20830807,9.984826047435694
2018-11-24,0.21212992,9.984826047435694
2018-11-25,0.21467818,9.984826047435694
2018-11-26,0.167867,9.984826047435694
2018-11-27,0.21232411,9.984826047435694
2018-11-28,0.20399058,9.984826047435694
2018-11-29,0.26196817,9.984826047435694
2018-11-30,0.20950879,9.984826047435694
2018-12-01,0.22576374,9.984826047435694
2018-12-02,0.18991402,9.984826047435694
2018-12-03,0.1980529,9.984826047435694
2018-12-04,0.19264193,9.984826047435694
2018-12-05,0.18727063,9.984826047435694
2018-12-06,0.20209408184657335,9.984826047435694
2018-12-07,0.22518955,9.984826047435694
2018-12-08,0.19780523,9.984826047435694
2018-12-09,0.19637142,9.984826047435694
2018-12-10,0.19927058,9.984826047435694
2018-12-11,0.18698366,9.984826047435694
2018-12-12,0.18647373,9.984826047435694
2018-12-13,0.20648646,9.984826047435694
2018-12-14,0.19706142,9.984826047435694
2018-12-15,0.2196356811866287,9.984826047435694
2018-12-16,0.2038837,9.984826047435694
2018-12-17,0.2146362039860169,9.984826047435694
2018-12-18,0.21448259206911452,9.984826047435694
2018-12-19,0.20833829,9.984826047435694
2018-12-20,0.21894948,9.984826047435694
2018-12-21,0.20109746,9.984826047435694
2018-12-22,0.20434724,9.984826047435694
2018-12-23,0.20644897,9.984826047435694
2018-12-24,0.18398967222146653,9.984826047435694
2018-12-25,0.2002728,9.984826047435694
2018-12-26,0.21809214533350763,9.984826047435694
2018-12-27,0.19575536,9.984826047435694
2018-12-28,0.21173115,9.984826047435694
2018-12-29,0.20290066,9.984826047435694
2018-12-30,0.2005557,9.984826047435694
2018-12-31,0.19657682,9.984826047435694
2019-01-01,0.17325865,9.984826047435694
2019-01-02,0.13397253,9.984826047435694
2019-01-03,0.18118396,9.984826047435694
2019-01-04,0.1566948,9.984826047435694
2019-01-05,0.22395088724460097,9.984826047435694
2019-01-06,0.1702782,9.984826047435694
2019-01-07,0.18333906,9.984826047435694
2019-01-08,0.17783837,9.984826047435694
2019-01-09,0.1956472,9.984826047435694
2019-01-10,0.1587915,9.984826047435694
2019-01-11,0.15691084,9.984826047435694
2019-01-12,0.14912462,9.984826047435694
2019-01-13,0.21872544,9.984826047435694
2019-01-14,0.16997318,9.984826047435694
2019-01-15,0.18308078,9.984826047435694
2019-01-16,0.14122365,9.984826047435694
2019-01-17,0.14044373,9.984826047435694
2019-01-18,0.15690258,9.984826047435694
2019-01-19,0.14876908,9.984826047435694
2019-01-20,0.1502694,9.984826047435694
2019-01-21,0.18570828,9.984826047435694
2019-01-22,0.19881636,9.984826047435694
2019-01-23,0.19967481,9.984826047435694
2019-01-24,0.19139995,9.984826047435694
2019-01-25,0.17553079,9.984826047435694
2019-01-26,0.29768917,9.984826047435694
2019-01-27,0.1518372,9.984826047435694
2019-01-28,0.17445809,9.984826047435694
2019-01-29,0.18589869,9.984826047435694
2019-01-30,0.16627201,9.984826047435694
2019-01-31,0.17722903,9.984826047435694
2019-02-01,0.21241255,9.984826047435694
2019-02-02,0.18762507,9.984826047435694
2019-02-03,0.188083612600635,9.984826047435694
2019-02-04,0.17370896,9.984826047435694
2019-02-05,0.17844379,9.984826047435694
2019-02-06,0.17915942,9.984826047435694
2019-02-07,0.1740822,9.984826047435694
2019-02-08,0.19478777224975075,9.984826047435694
2019-02-09,0.20328339198341144,9.984826047435694
2019-02-10,0.19704401,9.984826047435694
2019-02-11,0.19222979,9.984826047435694
2019-02-12,0.18427216,9.984826047435694
2019-02-13,0.17061347,9.984826047435694
2019-02-14,0.20194237,9.984826047435694
2019-02-15,0.163856,9.984826047435694
2019-02-16,0.19210319,9.984826047435694
2019-02-17,0.22443354,9.984826047435694
2019-02-18,0.21773025,9.984826047435694
2019-02-19,0.19869873,9.984826047435694
2019-02-20,0.23334745,9.984826047435694
2019-02-21,0.20192334,9.984826047435694
2019-02-22,0.22608939,9.984826047435694
2019-02-23,0.2293678,9.984826047435694
2019-02-24,0.2023689,9.984826047435694
2019-02-25,0.2372875,9.984826047435694
2019-02-26,0.20847315,9.984826047435694
2019-02-27,0.22751957,9.984826047435694
2019-02-28,0.21376793,9.984826047435694
2019-03-01,0.23031649,9.984826047435694
2019-03-02,0.2012255,9.984826047435694
2019-03-03,0.21288382,9.984826047435694
2019-03-04,0.18285988,9.984826047435694
2019-03-05,0.1860234,9.984826047435694
2019-03-06,0.16590741,9.984826047435694
2019-03-07,0.16445899,9.984826047435694
2019-03-08,0.20189703,9.984826047435694
2019-03-09,0.17462365,9.984826047435694
2019-03-10,0.15974562,9.984826047435694
2019-03-11,0.17528842,9.984826047435694
2019-03-12,0.14424984,9.984826047435694
2019-03-13,0.17896558,9.984826047435694
2019-03-14,0.1624025,9.984826047435694
2019-03-15,0.22594938,9.984826047435694
2019-03-16,0.17330404,9.984826047435694
2019-03-17,0.17270039,9.984826047435694
2019-03-18,0.17730008614555512,9.984826047435694
2019-03-19,0.18441522,9.984826047435694
2019-03-20,0.174181,9.984826047435694
2019-03-21,0.18773903,9.984826047435694
2019-03-22,0.18383805,9.984826047435694
2019-03-23,0.19543843,9.984826047435694
2019-03-24,0.17000654,9.984826047435694
2019-03-25,0.169341126156045,9.984826047435694
2019-03-26,0.23256078,9.984826047435694
2019-03-27,0.21035467,9.984826047435694
2019-03-28,0.19457406,9.984826047435694
2019-03-29,0.27753377,9.984826047435694
2019-03-30,0.1734991723801402,9.984826047435694
2019-03-31,0.20802248,9.984826047435694
2019-04-01,0.16433894661130127,9.984826047435694
2019-04-02,0.1441302618593959,9.984826047435694
2019-04-03,0.20436795,9.984826047435694
2019-04-04,0.20122032,9.984826047435694
2019-04-05,0.1828465,9.984826047435694
2019-04-06,0.16264645303793157,9.984826047435694
2019-04-07,0.1759151,9.984826047435694
2019-04-08,0.18642315290842879,9.984826047435694
2019-04-09,0.1877375092251912,9.984826047435694
2019-04-10,0.18149039,9.984826047435694
2019-04-11,0.20836517,9.984826047435694
2019-04-12,0.19051777,9.984826047435694
2019-04-13,0.18871269,9.984826047435694
2019-04-14,0.18142672,9.984826047435694
2019-04-15,0.15798578,9.984826047435694
2019-04-16,0.16392294893689077,9.984826047435694
2019-04-17,0.1654942857209568,9.984826047435694
2019-04-18,0.18242405,9.984826047435694
2019-04-19,0.18271505759723355,9.984826047435694
2019-04-20,0.16861744934855832,9.984826047435694
2019-04-21,0.17320983858484815,9.984826047435694
2019-04-22,0.18612954,9.984826047435694
2019-04-23,0.1555759,9.984826047435694
2019-04-24,0.1555958,9.984826047435694
2019-04-25,0.17239088,9.984826047435694
2019-04-26,0.18339859,9.984826047435694
2019-04-27,0.17190067,9.984826047435694
2019-04-28,0.15177949,9.984826047435694
2019-04-29,0.14952514,9.984826047435694
2019-04-30,0.1787507,9.984826047435694
2019-05-01,0.15682927,9.984826047435694
2019-05-02,0.16113651,9.984826047435694
2019-05-03,0.15124941,9.984826047435694
2019-05-04,0.1477605,9.984826047435694
2019-05-05,0.1522056,9.984826047435694
2019-05-06,0.16289344,9.984826047435694
2019-05-07,0.146149,9.984826047435694
2019-05-08,0.15993463,9.984826047435694
2019-05-09,0.13590278,9.984826047435694
2019-05-10,0.1402754,9.984826047435694
2019-05-11,0.151396,9.984826047435694
2019-05-12,0.1378579,9.984826047435694
2019-05-13,0.19995120373563782,9.984826047435694
2019-05-14,0.13182358,9.984826047435694
2019-05-15,0.13980353,9.984826047435694
2019-05-16,0.1310723,9.984826047435694
2019-05-17,0.15819883,9.984826047435694
2019-05-18,0.16256396,9.984826047435694
2019-05-19,0.14567482,9.984826047435694
2019-05-20,0.15036015,9.984826047435694
2019-05-21,0.17536972,9.984826047435694
2019-05-22,0.17464401,9.984826047435694
2019-05-23,0.14915995,9.984826047435694
2019-05-24,0.16335273,9.984826047435694
2019-05-25,0.16816606,9.984826047435694
2019-05-26,0.25956434,9.984826047435694
2019-05-27,0.15951535,9.984826047435694
2019-05-28,0.16150352,9.984826047435694
2019-05-29,0.14816372,9.984826047435694
2019-05-30,0.17045514,9.984826047435694
2019-05-31,0.16257058,9.984826047435694
2019-06-01,0.16224872,9.984826047435694
2019-06-02,0.14595984,9.984826047435694
2019-06-03,0.15148062,9.984826047435694
2019-06-04,0.17050688774205142,9.984826047435694
2019-06-05,0.30819115,9.984826047435694
2019-06-06,0.15578136,9.984826047435694
2019-06-07,0.15322709,9.984826047435694
2019-06-08,0.14904286,9.984826047435694
2019-06-09,0.18766366,9.984826047435694
2019-06-10,0.20057441,9.984826047435694
2019-06-11,0.19314438865236966,9.984826047435694
2019-06-12,0.18971920871113018,9.984826047435694
2019-06-13,0.1448207,9.984826047435694
2019-06-14,0.1769100734721573,9.984826047435694
2019-06-15,0.22974229,9.984826047435694
2019-06-16,0.16108935,9.984826047435694
2019-06-17,0.17497779463116545,9.984826047435694
2019-06-18,0.18465443181983085,9.984826047435694
2019-06-19,0.1694484,9.984826047435694
2019-06-20,0.17709196968501453,9.984826047435694
2019-06-21,0.15165354,9.984826047435694
2019-06-22,0.16085435,9.984826047435694
2019-06-23,0.14375257,9.984826047435694
2019-06-24,0.15119363,9.984826047435694
2019-06-25,0.14711198,9.984826047435694
2019-06-26,0.18152474998993093,9.984826047435694
2019-06-27,0.19367271916820286,9.984826047435694
2019-06-28,0.14330654,9.984826047435694
2019-06-29,0.17120497,9.984826047435694
2019-06-30,0.121232316,9.984826047435694
2019-07-01,0.16491422,9.984826047435694
2019-07-02,0.15157117,9.984826047435694
2019-07-03,0.14666319,9.984826047435694
2019-07-04,0.13920859,9.984826047435694
2019-07-05,0.10600721,9.984826047435694
2019-07-06,0.14665091,9.984826047435694
2019-07-07,0.1454781,9.984826047435694
2019-07-08,0.15184261,9.984826047435694
2019-07-09,0.14950393,9.984826047435694
2019-07-10,0.15473574,9.984826047435694
2019-07-11,0.1786191005797634,9.984826047435694
2019-07-12,0.1687147409502083,9.984826047435694
2019-07-13,0.1512430426021119,9.984826047435694
2019-07-14,0.14218439,9.984826047435694
2019-07-15,0.14823352,9.984826047435694
2019-07-16,0.1672043,9.984826047435694
2019-07-17,0.15863897,9.984826047435694
2019-07-18,0.13870844,9.984826047435694
2019-07-19,0.15351714384129544,9.984826047435694
2019-07-20,0.14650081435563075,9.984826047435694
2019-07-21,0.15189669,9.984826047435694
2019-07-22,0.15880539,9.984826047435694
2019-07-23,0.14781971229706245,9.984826047435694
2019-07-24,0.15629646,9.984826047435694
2019-07-25,0.15471412,9.984826047435694
2019-07-26,0.14228586877631383,9.984826047435694
2019-07-27,0.15145091809994735,9.984826047435694
2019-07-28,0.16312404,9.984826047435694
2019-07-29,0.1835171,9.984826047435694
2019-07-30,0.17968789,9.984826047435694
2019-07-31,0.19358483,9.984826047435694
2019-08-01,0.15329529019728708,9.984826047435694
2019-08-02,0.17407441,9.984826047435694
2019-08-03,0.17868678,9.984826047435694
2019-08-04,0.113527514,9.984826047435694
2019-08-05,0.15908694,9.984826047435694
2019-08-06,0.20322853,9.984826047435694
2019-08-07,0.20056666,9.984826047435694
2019-08-08,0.17155068,9.984826047435694
2019-08-09,0.171379,9.984826047435694
2019-08-10,0.21765924,9.984826047435694
2019-08-11,0.20688154,9.984826047435694
2019-08-12,0.19305779,9.984826047435694
2019-08-13,0.17256331,9.984826047435694
2019-08-14,0.1707974,9.984826047435694
2019-08-15,0.18934081,9.984826047435694
2019-08-16,0.19127981,9.984826047435694
2019-08-17,0.25079858,9.984826047435694
2019-08-18,0.20228472,9.984826047435694
2019-08-19,0.15597235,9.984826047435694
2019-08-20,0.1751432,9.984826047435694
2019-08-21,0.18327612,9.984826047435694
2019-08-22,0.18329345,9.984826047435694
2019-08-23,0.17539099,9.984826047435694
2019-08-24,0.22006395,9.984826047435694
2019-08-25,0.18854563,9.984826047435694
2019-08-26,0.16955906,9.984826047435694
2019-08-27,0.1902939,9.984826047435694
2019-08-28,0.18563898,9.984826047435694
2019-08-29,0.1756663,9.984826047435694
2019-08-30,0.20740543,9.984826047435694
2019-08-31,0.1890068,9.984826047435694
2019-09-01,0.21484916,9.984826047435694
2019-09-02,0.16940662,9.984826047435694
2019-09-03,0.16837159,9.984826047435694
2019-09-04,0.17387351,9.984826047435694
2019-09-05,0.16011605,9.984826047435694
2019-09-06,0.17917071,9.984826047435694
2019-09-07,0.15735734,9.984826047435694
2019-09-08,0.16031136,9.984826047435694
2019-09-09,0.17617416,9.984826047435694
2019-09-10,0.18449919,9.984826047435694
2019-09-11,0.19560346,9.984826047435694
2019-09-12,0.18101992,9.984826047435694
2019-09-13,0.15671629,9.984826047435694
2019-09-14,0.18658194,9.984826047435694
2019-09-15,0.17732307,9.984826047435694
2019-09-16,0.16857591,9.984826047435694
2019-09-17,0.16497,9.984826047435694
2019-09-18,0.17082176,9.984826047435694
2019-09-19,0.17597066,9.984826047435694
2019-09-20,0.17888896,9.984826047435694
2019-09-21,0.18655857,9.984826047435694
2019-09-22,0.16312726,9.984826047435694
2019-09-23,0.15152799,9.984826047435694
2019-09-24,0.15985675,9.984826047435694
2019-09-25,0.18897101,9.984826047435694
2019-09-26,0.18484625,9.984826047435694
2019-09-27,0.19287099,9.984826047435694
2019-09-28,0.17938179,9.984826047435694
2019-09-29,0.18251495,9.984826047435694
2019-09-30,0.16977171132005026,9.984826047435694
2019-10-01,0.15932329,9.984826047435694
2019-10-02,0.17856435,9.984826047435694
2019-10-03,0.17094977,9.984826047435694
2019-10-04,0.176027374079988,9.984826047435694
2019-10-05,0.15668171268931977,9.984826047435694
2019-10-06,0.17146984,9.984826047435694
2019-10-07,,9.984826047435694
2019-10-08,0.17391104961896517,9.984826047435694
2019-10-09,0.17416027,9.984826047435694
2019-10-10,0.16940406,9.984826047435694
2019-10-11,0.16451009,9.984826047435694
2019-10-12,0.17279896465621974,9.984826047435694
2019-10-13,0.16394977,9.984826047435694
2019-10-14,0.17634336377491758,9.984826047435694
2019-10-15,0.17641638,9.984826047435694
2019-10-16,0.1601339,9.984826047435694
2019-10-17,0.15801905,9.984826047435694
2019-10-18,0.1568925,9.984826047435694
2019-10-19,0.14545669,9.984826047435694
2019-10-20,0.15192369,9.984826047435694
2019-10-21,0.19884316726687665,9.984826047435694
2019-10-22,0.16158256,9.984826047435694
2019-10-23,0.13113235,9.984826047435694
2019-10-24,0.14593478,9.984826047435694
2019-10-25,0.15702884,9.984826047435694
2019-10-26,0.16829093,9.984826047435694
2019-10-27,0.20058767,9.984826047435694
2019-10-28,0.20006052,9.984826047435694
2019-10-29,0.1902393,9.984826047435694
2019-10-30,0.1512262,9.984826047435694
2019-10-31,0.18698888122521098,9.984826047435694
2019-11-01,0.19536866,9.984826047435694
2019-11-02,0.21690522,9.984826047435694
2019-11-03,0.16821285831466715,9.984826047435694
2019-11-04,0.19602445,9.984826047435694
2019-11-05,0.17222497,9.984826047435694
2019-11-06,0.17146488,9.984826047435694
2019-11-07,0.1890843,9.984826047435694
2019-11-08,0.21736954,9.984826047435694
2019-11-09,0.23449215,9.984826047435694
2019-11-10,0.26520604,9.984826047435694
2019-11-11,0.18187073,9.984826047435694
2019-11-12,0.22325283,9.984826047435694
2019-11-13,0.21266004,9.984826047435694
2019-11-14,0.19461341,9.984826047435694
2019-11-15,0.20463794,9.984826047435694
2019-11-16,0.21958598,9.984826047435694
2019-11-17,0.23567611,9.984826047435694
2019-11-18,0.20271838,9.984826047435694
2019-11-19,0.17282698,9.984826047435694
2019-11-20,0.17899545,9.984826047435694
2019-11-21,0.20918073,9.984826047435694
2019-11-22,0.18751918,9.984826047435694
2019-11-23,0.18625784,9.984826047435694
2019-11-24,0.17106639,9.984826047435694
2019-11-25,0.17261860798032258,9.984826047435694
2019-11-26,0.17561196,9.984826047435694
2019-11-27,0.2595704,9.984826047435694
2019-11-28,0.2205888,9.984826047435694
2019-11-29,0.17141554,9.984826047435694
2019-11-30,0.19437143,9.984826047435694
2019-12-01,0.16677841559774756,9.984826047435694
2019-12-02,0.19091302,9.984826047435694
2019-12-03,0.16186644019647423,9.984826047435694
2019-12-04,0.2083747,9.984826047435694
2019-12-05,0.16975596267299894,9.984826047435694
2019-12-06,0.18257043,9.984826047435694
2019-12-07,0.19920097,9.984826047435694
2019-12-08,0.18202296,9.984826047435694
2019-12-09,0.19608164,9.984826047435694
2019-12-10,0.18802711170692316,9.984826047435694
2019-12-11,0.18835631,9.984826047435694
2019-12-12,0.1701122,9.984826047435694
2019-12-13,0.16534397,9.984826047435694
2019-12-14,0.16310246,9.984826047435694
2019-12-15,0.15871136,9.984826047435694
2019-12-16,0.13096568,9.984826047435694
2019-12-17,0.1636045,9.984826047435694
2019-12-18,0.18719564,9.984826047435694
2019-12-19,0.1897875,9.984826047435694
2019-12-20,0.22749464,9.984826047435694
2019-12-21,0.19360931,9.984826047435694
2019-12-22,0.17605536,9.984826047435694
2019-12-23,0.18313555,9.984826047435694
2019-12-24,0.19766721,9.984826047435694
2019-12-25,0.18221365,9.984826047435694
2019-12-26,0.151363,9.984826047435694
2019-12-27,0.15611488,9.984826047435694
2019-12-28,0.1320495,9.984826047435694
2019-12-29,0.16218038,9.984826047435694
2019-12-30,0.17558774,9.984826047435694
2020-12-28,0.16030669,9.984826047435694
2020-12-29,0.13181016768152504,9.984826047435694
2020-12-30,0.19427343,9.984826047435694
2019-12-31,0.1860997,9.984826047435694
2020-01-01,0.17248017,9.984826047435694
2020-01-02,0.18755884,9.984826047435694
2020-01-03,0.18885928,9.984826047435694
2020-01-04,0.2100971,9.984826047435694
2020-01-05,0.19185317,9.984826047435694
2020-01-06,0.18324336,9.984826047435694
2020-01-07,0.19032563,9.984826047435694
2020-01-08,0.16720665,9.984826047435694
2020-01-09,0.1895736,9.984826047435694
2020-01-10,0.19415277,9.984826047435694
2020-01-11,0.16371505,9.984826047435694
2020-01-12,0.16414355,9.984826047435694
2020-01-13,0.17124921386496172,9.984826047435694
2020-01-14,0.1480575,9.984826047435694
2020-01-15,0.20303902,9.984826047435694
2020-01-16,0.18342401736572314,9.984826047435694
2020-01-17,0.19534963,9.984826047435694
2020-01-18,0.1995352,9.984826047435694
2020-01-19,0.17749064,9.984826047435694
2020-01-20,0.18848698,9.984826047435694
2020-01-21,0.20772012,9.984826047435694
2020-01-22,0.17548627,9.984826047435694
2020-01-23,0.19146615,9.984826047435694
2020-01-24,0.15627845,9.984826047435694
2020-01-25,0.18065976,9.984826047435694
2020-01-26,0.15462404,9.984826047435694
2020-01-27,0.18769415,9.984826047435694
2020-01-28,0.15123837,9.984826047435694
2020-01-29,0.17638472,9.984826047435694
2020-01-30,0.15586907,9.984826047435694
2020-01-31,0.15703344,9.984826047435694
2020-02-01,0.1465409,9.984826047435694
2020-02-02,0.14260478,9.984826047435694
2020-02-03,0.121854745,9.984826047435694
2020-02-04,0.15843624,9.984826047435694
2020-02-05,0.1579378,9.984826047435694
2020-02-06,0.13033071,9.984826047435694
2020-02-07,0.1353729,9.984826047435694
2020-02-08,0.13090053,9.984826047435694
2020-02-09,0.13271579,9.984826047435694
2020-02-10,0.13147166,9.984826047435694
2020-02-11,0.15513481,9.984826047435694
2020-02-12,0.133458,9.984826047435694
2020-02-13,0.14703259,9.984826047435694
2020-02-14,0.1243344,9.984826047435694
2020-02-15,0.12445101,9.984826047435694
2020-02-16,0.12833515,9.984826047435694
2020-02-17,0.11681933,9.984826047435694
2020-02-18,0.17631726709869733,9.984826047435694
2020-02-19,0.11564222,9.984826047435694
2020-02-20,0.1796787806455029,9.984826047435694
2020-02-21,0.107361294,9.984826047435694
2020-02-22,0.18251044,9.984826047435694
2020-02-23,0.15656666,9.984826047435694
2020-02-24,0.16131023,9.984826047435694
2020-02-25,0.05394931,9.984826047435694
2020-02-26,0.1744279140345333,9.984826047435694
2020-02-27,0.08788651,9.984826047435694
2020-02-28,0.13672526,9.984826047435694
2020-02-29,0.17299473,9.984826047435694
2020-03-01,0.16940634,9.984826047435694
2020-03-02,0.16724457,9.984826047435694
2020-03-03,0.17254099,9.984826047435694
2020-03-04,0.16364452,9.984826047435694
2020-03-05,0.12921023,9.984826047435694
2020-03-06,0.2324455,9.984826047435694
2020-03-07,0.22183883,9.984826047435694
2020-03-08,0.23226376,9.984826047435694
2020-03-09,0.17751109018946548,9.984826047435694
2020-03-10,0.24011081,9.984826047435694
2020-03-11,0.22857995,9.984826047435694
2020-03-12,0.20644666,9.984826047435694
2020-03-13,0.2016852,9.984826047435694
2020-03-14,0.23937552,9.984826047435694
2020-03-15,0.17732188,9.984826047435694
2020-03-16,0.19413848,9.984826047435694
2020-03-17,0.17139246,9.984826047435694
2020-03-18,0.18675795,9.984826047435694
2020-03-19,0.18784815,9.984826047435694
2020-03-20,0.15940426,9.984826047435694
2020-03-21,0.1511794,9.984826047435694
2020-03-22,0.16084357,9.984826047435694
2020-03-23,0.12554696,9.984826047435694
2020-03-24,0.18679339,9.984826047435694
2020-03-25,0.149456,9.984826047435694
2020-03-26,0.14442544,9.984826047435694
2020-03-27,0.14501669,9.984826047435694
2020-03-28,0.13402945,9.984826047435694
2020-03-29,0.14943759,9.984826047435694
2020-03-30,0.17739998,9.984826047435694
2020-03-31,0.16841227154305868,9.984826047435694
2020-04-01,0.11932137,9.984826047435694
2020-04-02,0.1428926,9.984826047435694
2020-04-03,0.16708602,9.984826047435694
2020-04-04,0.16474077,9.984826047435694
2020-04-05,0.15434667,9.984826047435694
2020-04-06,0.15213142,9.984826047435694
2020-04-07,0.1754839,9.984826047435694
2020-04-08,0.1599618,9.984826047435694
2020-04-09,0.1440804,9.984826047435694
2020-04-10,0.14302811,9.984826047435694
2020-04-11,0.1273796,9.984826047435694
2020-04-12,0.1433836,9.984826047435694
2020-04-13,0.1498555,9.984826047435694
2020-04-14,0.12628782,9.984826047435694
2020-04-15,0.16706608,9.984826047435694
2020-04-16,0.123182856,9.984826047435694
2020-04-17,0.13296515,9.984826047435694
2020-04-18,0.1433375,9.984826047435694
2020-04-19,0.15211861,9.984826047435694
2020-04-20,0.13864225,9.984826047435694
2020-04-21,0.15820571368005343,9.984826047435694
2020-04-22,0.120032966,9.984826047435694
2020-04-23,0.1328858437547466,9.984826047435694
2020-04-24,0.17254479,9.984826047435694
2020-04-25,0.08665693,9.984826047435694
2020-04-26,0.10510438,9.984826047435694
2020-04-27,0.17068122,9.984826047435694
2020-04-28,0.122306995,9.984826047435694
2020-04-29,0.11395027,9.984826047435694
2020-04-30,0.1296571,9.984826047435694
2020-05-01,0.11368295,9.984826047435694
2020-05-02,0.11139579,9.984826047435694
2020-05-03,0.13159846,9.984826047435694
2020-05-04,0.1483186,9.984826047435694
2020-05-05,0.15321851,9.984826047435694
2020-05-06,0.17189299,9.984826047435694
2020-05-07,0.16316909,9.984826047435694
2020-05-08,0.13832766,9.984826047435694
2020-05-09,0.1416683,9.984826047435694
2020-05-10,0.12681533,9.984826047435694
2020-05-11,0.15574083,9.984826047435694
2020-05-12,0.18698212962875888,9.984826047435694
2020-05-13,0.15608820992835293,9.984826047435694
2020-05-14,0.15908746005586946,9.984826047435694
2020-05-15,0.1557084,9.984826047435694
2020-05-16,0.1437366,9.984826047435694
2020-05-17,0.13464546,9.984826047435694
2020-05-18,0.16644521,9.984826047435694
2020-05-19,0.1613824742741996,9.984826047435694
2020-05-20,0.13368167,9.984826047435694
2020-05-21,0.1677853058057068,9.984826047435694
2020-05-22,0.1599975554136384,9.984826047435694
2020-05-23,0.1400194,9.984826047435694
2020-05-24,0.13782753,9.984826047435694
2020-05-25,0.1670651,9.984826047435694
2020-05-26,0.20080478603747376,9.984826047435694
2020-05-27,0.1323165,9.984826047435694
2020-05-28,0.1195851,9.984826047435694
2020-05-29,0.09314114,9.984826047435694
2020-05-30,0.20803433850598396,9.984826047435694
2020-05-31,0.11391525,9.984826047435694
2020-06-01,0.16418575,9.984826047435694
2020-06-02,0.15844099,9.984826047435694
2020-06-03,0.16572942,9.984826047435694
2020-06-04,0.16320777,9.984826047435694
2020-06-05,0.15737738,9.984826047435694
2020-06-06,,9.984826047435694
2020-06-07,0.115523495,9.984826047435694
2020-06-08,0.12313352,9.984826047435694
2020-06-09,0.12757173,9.984826047435694
2020-06-10,0.13156408,9.984826047435694
2020-06-11,0.09973559,9.984826047435694
2020-06-12,0.12708363,9.984826047435694
2020-06-13,0.14420941,9.984826047435694
2020-06-14,0.14746334,9.984826047435694
2020-06-15,0.15518819,9.984826047435694
2020-06-16,0.19616818,9.984826047435694
2020-06-17,0.15962096,9.984826047435694
2020-06-18,0.16833273,9.984826047435694
2020-06-19,0.15478301,9.984826047435694
2020-06-20,0.19429472,9.984826047435694
2020-06-21,0.13172406572751905,9.984826047435694
2020-06-22,0.19138204,9.984826047435694
2020-06-23,0.19899814,9.984826047435694
2020-06-24,0.1781759,9.984826047435694
2020-06-25,0.24760696,9.984826047435694
2020-06-26,0.17746736,9.984826047435694
2020-06-27,0.17282265,9.984826047435694
2020-06-28,0.16853234,9.984826047435694
2020-06-29,0.1845093,9.984826047435694
2020-06-30,0.17529662,9.984826047435694
2020-07-01,0.16099748,9.984826047435694
2020-07-02,0.17090175,9.984826047435694
2020-07-03,0.17332922,9.984826047435694
2020-07-04,0.14019038,9.984826047435694
2020-07-05,0.14180190493726583,9.984826047435694
2020-07-06,0.14135785,9.984826047435694
2020-07-07,0.1431734,9.984826047435694
2020-07-08,0.13652888,9.984826047435694
2020-07-09,0.1310895,9.984826047435694
2020-07-10,0.14604391511284107,9.984826047435694
2020-07-11,0.15589895649085142,9.984826047435694
2020-07-12,0.16078807,9.984826047435694
2020-07-13,0.12459373450579833,9.984826047435694
2020-07-14,0.11812804,9.984826047435694
2020-07-15,0.1067037,9.984826047435694
2020-07-16,0.15174024,9.984826047435694
2020-07-17,0.12635933,9.984826047435694
2020-07-18,0.11453911,9.984826047435694
2020-07-19,0.097744964,9.984826047435694
2020-07-20,0.13053584,9.984826047435694
2020-07-21,0.15540476,9.984826047435694
2020-07-22,0.12426462674686913,9.984826047435694
2020-07-23,0.11569641,9.984826047435694
2020-07-24,0.12207269,9.984826047435694
2020-07-25,0.11641961,9.984826047435694
2020-07-26,0.17275993666875097,9.984826047435694
2020-07-27,0.13391802,9.984826047435694
2020-07-28,0.16334971546345348,9.984826047435694
2020-07-29,0.1293003,9.984826047435694
2020-07-30,0.12661223,9.984826047435694
2020-07-31,0.30153188,9.984826047435694
2020-08-01,0.15213774,9.984826047435694
2020-08-02,0.14861095,9.984826047435694
2020-08-03,0.12569486,9.984826047435694
2020-08-04,0.12664366,9.984826047435694
2020-08-05,0.13806425,9.984826047435694
2020-08-06,0.13428885,9.984826047435694
2020-08-07,0.16276687,9.984826047435694
2020-08-08,0.14890766,9.984826047435694
2020-08-09,0.23860179,9.984826047435694
2020-08-10,0.12134483,9.984826047435694
2020-08-11,0.11638032,9.984826047435694
2020-08-12,0.14957838,9.984826047435694
2020-08-13,0.11561834,9.984826047435694
2020-08-14,0.1340888,9.984826047435694
2020-08-15,0.15496613595900002,9.984826047435694
2020-08-16,0.13407785096561634,9.984826047435694
2020-08-17,0.1424274561690089,9.984826047435694
2020-08-18,0.12971845,9.984826047435694
2020-08-19,0.1700496,9.984826047435694
2020-08-20,0.15293805,9.984826047435694
2020-08-21,0.14283453,9.984826047435694
2020-08-22,0.13780196,9.984826047435694
2020-08-23,0.12229033,9.984826047435694
2020-08-24,0.14359963,9.984826047435694
2020-08-25,0.14129373,9.984826047435694
2020-08-26,0.12682779,9.984826047435694
2020-08-27,0.13667254,9.984826047435694
2020-08-28,0.14822312,9.984826047435694
2020-08-29,0.1596709,9.984826047435694
2020-08-30,0.12858157,9.984826047435694
2020-08-31,0.16697374,9.984826047435694
2020-09-01,0.10543432098982518,9.984826047435694
2020-09-02,0.11995867,9.984826047435694
2020-09-03,0.08641514,9.984826047435694
2020-09-04,0.10710806,9.984826047435694
2020-09-05,0.15301307118268379,9.984826047435694
2020-09-06,0.17498502200166458,9.984826047435694
2020-09-07,0.17009399914676487,9.984826047435694
2020-09-08,0.160462052298156,9.984826047435694
2020-09-09,0.18058401,9.984826047435694
2020-09-10,0.14725207,9.984826047435694
2020-09-11,0.16831313,9.984826047435694
2020-09-12,0.17842383240016407,9.984826047435694
2020-09-13,0.1799353458608803,9.984826047435694
2020-09-14,0.17770989004956927,9.984826047435694
2020-09-15,0.20110392203331287,9.984826047435694
2020-09-16,0.16058424,9.984826047435694
2020-09-17,0.12834992,9.984826047435694
2020-09-18,0.15321253,9.984826047435694
2020-09-19,0.1197709,9.984826047435694
2020-09-20,0.16558790380741492,9.984826047435694
2020-09-21,0.15790815690442137,9.984826047435694
2020-09-22,0.16660453060529298,9.984826047435694
2020-09-23,0.13156128,9.984826047435694
2020-09-24,0.1060607,9.984826047435694
2020-09-25,0.147438,9.984826047435694
2020-09-26,0.14151098,9.984826047435694
2020-09-27,0.13374574209187068,9.984826047435694
2020-09-28,0.14308392718453974,9.984826047435694
2020-09-29,0.15067476412889827,9.984826047435694
2020-09-30,0.16461885,9.984826047435694
2020-10-01,0.1695174,9.984826047435694
2020-10-02,0.15727285,9.984826047435694
2020-10-03,0.12788309,9.984826047435694
2020-10-04,0.16081151,9.984826047435694
2020-10-05,0.16895989,9.984826047435694
2020-10-06,0.14678638,9.984826047435694
2020-10-07,0.123757794,9.984826047435694
2020-10-08,0.14828679,9.984826047435694
2020-10-09,0.12203854746717473,9.984826047435694
2020-10-10,0.17324838,9.984826047435694
2020-10-11,0.18054388,9.984826047435694
2020-10-12,0.19177583,9.984826047435694
2020-10-13,0.19645335,9.984826047435694
2020-10-14,0.18189782,9.984826047435694
2020-10-15,0.17054717,9.984826047435694
2020-10-16,0.13592795376893815,9.984826047435694
2020-10-17,0.18597093,9.984826047435694
2020-10-18,0.18518533,9.984826047435694
2020-10-19,0.18091531,9.984826047435694
2020-10-20,0.1831879,9.984826047435694
2020-10-21,0.19826268,9.984826047435694
2020-10-22,0.21322693,9.984826047435694
2020-10-23,0.22449587,9.984826047435694
2020-10-24,0.22712165,9.984826047435694
2020-10-25,0.2021522,9.984826047435694
2020-10-26,0.18653072,9.984826047435694
2020-10-27,0.18603748,9.984826047435694
2020-10-28,0.18310416,9.984826047435694
2020-10-29,0.15310219,9.984826047435694
2020-10-30,0.2037945590762135,9.984826047435694
2020-10-31,0.16861969,9.984826047435694
2020-11-01,0.17416444,9.984826047435694
2020-11-02,0.17407423,9.984826047435694
2020-11-03,0.1216539734402974,9.984826047435694
2020-11-04,0.14062094814927237,9.984826047435694
2020-11-05,0.1638454,9.984826047435694
2020-11-06,0.16805196,9.984826047435694
2020-11-07,0.16536951,9.984826047435694
2020-11-08,0.15437046,9.984826047435694
2020-11-09,0.15706891,9.984826047435694
2020-11-10,0.18463644,9.984826047435694
2020-11-11,0.14530711,9.984826047435694
2020-11-12,0.1663758,9.984826047435694
2020-11-13,0.1712619,9.984826047435694
2020-11-14,0.14232722,9.984826047435694
2020-11-15,0.14068241,9.984826047435694
2020-11-16,0.14909954,9.984826047435694
2020-11-17,0.14128757,9.984826047435694
2020-11-18,0.21067294,9.984826047435694
2020-11-19,0.17055753,9.984826047435694
2020-11-20,0.14797942,9.984826047435694
2020-11-21,0.14044084,9.984826047435694
2020-11-22,0.18603395,9.984826047435694
2020-11-23,0.1696793,9.984826047435694
2020-11-24,0.16708124,9.984826047435694
2020-11-25,0.14455229,9.984826047435694
2020-11-26,0.11919934,9.984826047435694
2020-11-27,0.14780995,9.984826047435694
2020-11-28,0.16851892,9.984826047435694
2020-11-29,0.17925432,9.984826047435694
2020-11-30,0.19934183,9.984826047435694
2020-12-01,0.19360521,9.984826047435694
2020-12-02,0.200731,9.984826047435694
2020-12-03,0.18400669,9.984826047435694
2020-12-04,0.19043888,9.984826047435694
2020-12-05,0.16136728,9.984826047435694
2020-12-06,0.14717802,9.984826047435694
2020-12-07,0.15856501,9.984826047435694
2020-12-08,0.16385435,9.984826047435694
2020-12-09,0.145071480205403,9.984826047435694
2020-12-10,0.13431063051722714,9.984826047435694
2020-12-11,0.17535225,9.984826047435694
2020-12-12,0.17021245,9.984826047435694
2020-12-13,0.14165325,9.984826047435694
2020-12-14,0.15744212,9.984826047435694
2020-12-15,0.1756876,9.984826047435694
2020-12-16,0.17222606,9.984826047435694
2020-12-17,0.17069627,9.984826047435694
2020-12-18,0.16258147,9.984826047435694
2020-12-19,0.15565021,9.984826047435694
2020-12-20,0.15070532,9.984826047435694
2020-12-21,0.15581028,9.984826047435694
2020-12-22,0.19429505,9.984826047435694
2020-12-23,0.15474093,9.984826047435694
2020-12-24,0.16159742,9.984826047435694
2020-12-25,0.16100411,9.984826047435694
2020-12-26,0.16859154,9.984826047435694
2020-12-31,0.123008065,9.984826047435694
2021-01-01,0.14727187,9.984826047435694
2021-01-02,0.1799700266744941,9.984826047435694
2021-01-03,0.15824638,9.984826047435694
2021-01-04,0.18342975582297766,9.984826047435694
2021-01-05,0.20815118,9.984826047435694
2021-01-06,0.17662066630766382,9.984826047435694
2021-01-07,0.16797368,9.984826047435694
2021-01-08,0.18457015,9.984826047435694
2021-01-09,0.13000613,9.984826047435694
2021-01-10,0.1797239,9.984826047435694
2021-01-11,0.15096731,9.984826047435694
2021-01-12,0.049016267,9.984826047435694
2021-01-13,0.20403855215600586,9.984826047435694
2021-01-14,0.15551965,9.984826047435694
2021-01-15,0.16603377,9.984826047435694
2021-01-16,0.16829064,9.984826047435694
2021-01-17,0.18400037,9.984826047435694
2021-01-18,0.16273461,9.984826047435694
2021-01-19,0.13826326,9.984826047435694
2021-01-20,0.16019611625609523,9.984826047435694
2021-01-21,0.14435437,9.984826047435694
2021-01-22,0.12004238,9.984826047435694
2021-01-23,0.12161858,9.984826047435694
2021-01-24,0.124419756,9.984826047435694
2021-01-25,0.11647001,9.984826047435694
2021-01-26,0.13412033,9.984826047435694
2021-01-27,0.1367098,9.984826047435694
2021-01-28,0.17523423,9.984826047435694
2021-01-29,0.16121694,9.984826047435694
2021-01-30,0.14382143,9.984826047435694
2021-01-31,0.14661564,9.984826047435694
2021-02-01,0.121159084,9.984826047435694
2021-02-02,0.11703848,9.984826047435694
2021-02-03,0.1565337733948646,9.984826047435694
2021-02-04,0.14545769918205495,9.984826047435694
2021-02-05,0.12572244,9.984826047435694
2021-02-06,0.13198824,9.984826047435694
2021-02-07,0.1415146300300947,9.984826047435694
2021-02-08,0.120677516,9.984826047435694
2021-02-09,0.1504991038352108,9.984826047435694
2021-02-10,0.19589835,9.984826047435694
2021-02-11,0.17959999,9.984826047435694
2021-02-12,0.16293028181331765,9.984826047435694
2021-02-13,0.20206428,9.984826047435694
2021-02-14,0.19883493,9.984826047435694
2021-02-15,0.19518262,9.984826047435694
2021-02-16,0.13274713105128147,9.984826047435694
2021-02-17,0.19893827,9.984826047435694
2021-02-18,0.15806764,9.984826047435694
2021-02-19,0.17229295,9.984826047435694
2021-02-20,0.1303563,9.984826047435694
2021-02-21,0.18261679,9.984826047435694
2021-02-22,0.19561091,9.984826047435694
2021-02-23,0.18879677,9.984826047435694
2021-02-24,0.18984148,9.984826047435694
2021-02-25,0.20261021,9.984826047435694
2021-02-26,0.18900001,9.984826047435694
2021-02-27,0.14034413,9.984826047435694
2021-02-28,0.15460004,9.984826047435694
2021-03-01,0.15281148,9.984826047435694
2021-03-02,0.15249273,9.984826047435694
2021-03-03,0.15220608,9.984826047435694
2021-03-04,0.16972454960535874,9.984826047435694
2021-03-05,0.15034267063747098,9.984826047435694
2021-03-06,0.26134917,9.984826047435694
2021-03-07,0.20350425,9.984826047435694
2021-03-08,0.1812062,9.984826047435694
2021-03-09,0.22425553,9.984826047435694
2021-03-10,0.15615906779273633,9.984826047435694
2021-03-11,0.1447803,9.984826047435694
2021-03-12,0.1842703,9.984826047435694
2021-03-13,0.1762765,9.984826047435694
2021-03-14,0.1656787,9.984826047435694
2021-03-15,0.19933492,9.984826047435694
2021-03-16,0.18349873,9.984826047435694
2021-03-17,0.19367935,9.984826047435694
2021-03-18,0.18466698,9.984826047435694
2021-03-19,0.19511478,9.984826047435694
2021-03-20,0.19217446,9.984826047435694
2021-03-21,0.20172378,9.984826047435694
2021-03-22,0.19537286,9.984826047435694
2021-03-23,0.21264422,9.984826047435694
2021-03-24,0.18701036,9.984826047435694
2021-03-25,0.18079433,9.984826047435694
2021-03-26,0.19215477,9.984826047435694
2021-03-27,0.16834641784976578,9.984826047435694
2021-03-28,0.15334843,9.984826047435694
2021-03-29,0.15779233,9.984826047435694
2021-03-30,0.14528355,9.984826047435694
2021-03-31,0.16844186,9.984826047435694
2021-04-01,0.13664146,9.984826047435694
2021-04-02,0.16057973,9.984826047435694
2021-04-03,0.15172884298366993,9.984826047435694
2021-04-04,0.13733825,9.984826047435694
2021-04-05,0.17667916,9.984826047435694
2021-04-06,0.16911054,9.984826047435694
2021-04-07,0.15808955,9.984826047435694
2021-04-08,0.16968493,9.984826047435694
2021-04-09,0.18008305,9.984826047435694
2021-04-10,0.14961414,9.984826047435694
2021-04-11,0.12585137766992285,9.984826047435694
2021-04-12,0.1251723646101813,9.984826047435694
2021-04-13,0.16062711,9.984826047435694
2021-04-14,0.17530373,9.984826047435694
2021-04-15,0.16602078,9.984826047435694
2021-04-16,0.15960422,9.984826047435694
2021-04-17,0.15521313717711008,9.984826047435694
2021-04-18,0.16959521,9.984826047435694
2021-04-19,0.17495264,9.984826047435694
2021-04-20,0.17261715,9.984826047435694
2021-04-21,0.18012458,9.984826047435694
2021-04-22,0.18998826,9.984826047435694
2021-04-23,0.19242717,9.984826047435694
2021-04-24,0.13187508228720293,9.984826047435694
2021-04-25,0.18571214,9.984826047435694
2021-04-26,0.16912441,9.984826047435694
2021-04-27,0.16187602,9.984826047435694
2021-04-28,0.14394079,9.984826047435694
2021-04-29,0.1768379,9.984826047435694
2021-04-30,0.1561357,9.984826047435694
2021-05-01,0.15456536,9.984826047435694
2021-05-02,0.19341566450218853,9.984826047435694
2021-05-03,0.17964555,9.984826047435694
2021-05-04,0.1924901946465744,9.984826047435694
2021-05-05,0.13046183,9.984826047435694
2021-05-06,0.1796286195782043,9.984826047435694
2021-05-07,0.1711723,9.984826047435694
2021-05-08,0.13139759,9.984826047435694
2021-05-09,0.1053152,9.984826047435694
2021-05-10,0.16640789855146929,9.984826047435694
2021-05-11,0.17234153,9.984826047435694
2021-05-12,0.13501032,9.984826047435694
2021-05-13,0.14233896,9.984826047435694
2021-05-14,0.14741403,9.984826047435694
2021-05-15,0.13480057,9.984826047435694
2021-05-16,0.14087636724616343,9.984826047435694
2021-05-17,0.13834897341736796,9.984826047435694
2021-05-18,0.17117324,9.984826047435694
2021-05-19,0.14410165,9.984826047435694
2021-05-20,0.15782638,9.984826047435694
2021-05-21,0.15942787,9.984826047435694
2021-05-22,0.1457324,9.984826047435694
2021-05-23,0.1562838,9.984826047435694
2021-05-24,0.1800651733524838,9.984826047435694
2021-05-25,0.13699266,9.984826047435694
2021-05-26,0.16725129,9.984826047435694
2021-05-27,0.12110772,9.984826047435694
2021-05-28,0.15804258,9.984826047435694
2021-05-29,0.14361662,9.984826047435694
2021-05-30,0.11951881,9.984826047435694
2021-05-31,0.14101996,9.984826047435694
2021-06-01,0.13340415,9.984826047435694
2021-06-02,0.15288989,9.984826047435694
2021-06-03,0.13592207,9.984826047435694
2021-06-04,0.12322582,9.984826047435694
2021-06-05,0.14822754,9.984826047435694
2021-06-06,0.13029453,9.984826047435694
2021-06-07,0.19158579981198764,9.984826047435694
2021-06-08,0.22424221,9.984826047435694
2021-06-09,0.11078231,9.984826047435694
2021-06-10,0.21316542,9.984826047435694
2021-06-11,0.24783215,9.984826047435694
2021-06-12,0.26557976,9.984826047435694
2021-06-13,0.15191688,9.984826047435694
2021-06-14,0.1583422,9.984826047435694
2021-06-15,0.16327065,9.984826047435694
2021-06-16,0.14754693,9.984826047435694
2021-06-17,0.18116806,9.984826047435694
2021-06-18,0.16303355,9.984826047435694
2021-06-19,0.15900594324929504,9.984826047435694
2021-06-20,0.16885877,9.984826047435694
2021-06-21,0.15364587,9.984826047435694
2021-06-22,0.17690593,9.984826047435694
2021-06-23,0.116681814,9.984826047435694
2021-06-24,0.13230477,9.984826047435694
2021-06-25,0.09757002,9.984826047435694
2021-06-26,0.0645371,9.984826047435694
2021-06-27,0.13492164964060907,9.984826047435694
2021-06-28,0.13395543,9.984826047435694
2021-06-29,0.16601057,9.984826047435694
2021-06-30,0.14392807189590803,9.984826047435694
2021-07-01,0.14339831,9.984826047435694
2021-07-02,0.108947404,9.984826047435694
2021-07-03,0.11266883,9.984826047435694
2021-07-04,0.13603513,9.984826047435694
2021-07-05,0.11082476,9.984826047435694
2021-07-06,0.1493349,9.984826047435694
2021-07-07,0.13312367,9.984826047435694
2021-07-08,0.19708595,9.984826047435694
2021-07-09,0.14289032,9.984826047435694
2021-07-10,0.115403555,9.984826047435694
2021-07-11,0.100079924,9.984826047435694
2021-07-12,0.15007937,9.984826047435694
2021-07-13,0.18188107,9.984826047435694
2021-07-14,0.15517554,9.984826047435694
2021-07-15,0.17003587,9.984826047435694
2021-07-16,0.17926674,9.984826047435694
2021-07-17,0.17923479,9.984826047435694
2021-07-18,0.18731458,9.984826047435694
2021-07-19,0.15826187,9.984826047435694
2021-07-20,0.16435273,9.984826047435694
2021-07-21,0.1826383,9.984826047435694
2021-07-22,0.16517602,9.984826047435694
2021-07-23,0.14919494,9.984826047435694
2021-07-24,0.14595826,9.984826047435694
2021-07-25,0.17944318,9.984826047435694
2021-07-26,0.16474107,9.984826047435694
2021-07-27,0.16775885,9.984826047435694
2021-07-28,0.19114062,9.984826047435694
2021-07-29,0.23138264,9.984826047435694
2021-07-30,0.15595117,9.984826047435694
2021-07-31,0.16954069,9.984826047435694
2021-08-01,0.15735625,9.984826047435694
2021-08-02,0.15406106,9.984826047435694
2021-08-03,0.13615777,9.984826047435694
2021-08-04,0.2147942,9.984826047435694
2021-08-05,0.15885006,9.984826047435694
2021-08-06,0.15397467638564274,9.984826047435694
2021-08-07,0.15311112,9.984826047435694
2021-08-08,0.19372037,9.984826047435694
2021-08-09,0.16443463,9.984826047435694
2021-08-10,0.17905036,9.984826047435694
2021-08-11,0.19223216,9.984826047435694
2021-08-12,0.18844007,9.984826047435694
2021-08-13,0.20039603,9.984826047435694
2021-08-14,0.16144638,9.984826047435694
2021-08-15,0.1753798,9.984826047435694
2021-08-16,0.17176619,9.984826047435694
2021-08-17,0.20384628,9.984826047435694
2021-08-18,0.21304055,9.984826047435694
2021-08-19,0.17131437,9.984826047435694
2021-08-20,0.21049763,9.984826047435694
2021-08-21,0.12363432911330158,9.984826047435694
2021-08-22,0.16304396,9.984826047435694
2021-08-23,0.16656163,9.984826047435694
2021-08-24,0.1756558,9.984826047435694
2021-08-25,0.18108343,9.984826047435694
2021-08-26,0.11954456605589851,9.984826047435694
2021-08-27,0.19036406145673676,9.984826047435694
2021-08-28,0.19279791037383362,9.984826047435694
2021-08-29,0.14656468,9.984826047435694
2021-08-30,0.15330257,9.984826047435694
2021-08-31,0.15202656,9.984826047435694
2021-09-01,0.15082105,9.984826047435694
2021-09-02,0.13859142,9.984826047435694
2021-09-03,0.15726995563683357,9.984826047435694
2021-09-04,0.1509211296813372,9.984826047435694
2021-09-05,0.15329362,9.984826047435694
2021-09-06,0.13524334,9.984826047435694
2021-09-07,0.15817544,9.984826047435694
2021-09-08,0.14238547,9.984826047435694
2021-09-09,0.14693215,9.984826047435694
2021-09-10,0.15169476,9.984826047435694
2021-09-11,0.15042771,9.984826047435694
2021-09-12,0.15664786,9.984826047435694
2021-09-13,0.16496992,9.984826047435694
2021-09-14,0.15737596,9.984826047435694
2021-09-15,0.13634653,9.984826047435694
2021-09-16,0.15503927,9.984826047435694
2021-09-17,0.15899685,9.984826047435694
2021-09-18,0.17470275,9.984826047435694
2021-09-19,0.13793857,9.984826047435694
2021-09-20,0.16185325,9.984826047435694
2021-09-21,0.14028056,9.984826047435694
2021-09-22,0.15911235,9.984826047435694
2021-09-23,0.14846091,9.984826047435694
2021-09-24,0.14101031,9.984826047435694
2021-09-25,0.12345234,9.984826047435694
2021-09-26,0.13123927,9.984826047435694
2021-09-27,0.11358351,9.984826047435694
2021-09-28,0.1240168,9.984826047435694
2021-09-29,0.119256616,9.984826047435694
2021-09-30,0.14937808,9.984826047435694
2021-10-01,0.13049419,9.984826047435694
2021-10-02,0.13514602,9.984826047435694
2021-10-03,0.16117744,9.984826047435694
2021-10-04,0.1598037,9.984826047435694
2021-10-05,0.16829443,9.984826047435694
2021-10-06,0.18064609,9.984826047435694
2021-10-07,0.14036556,9.984826047435694
2021-10-08,0.1682654,9.984826047435694
2021-10-09,0.17670792,9.984826047435694
2021-10-10,0.14624247,9.984826047435694
2021-10-11,0.15754841,9.984826047435694
2021-10-12,0.15321907,9.984826047435694
2021-10-13,0.16866852,9.984826047435694
2021-10-14,0.17788297,9.984826047435694
2021-10-15,0.17771229,9.984826047435694
2021-10-16,0.1648561,9.984826047435694
2021-10-17,0.17665237,9.984826047435694
2021-10-18,0.13101467,9.984826047435694
2021-10-19,0.1485554875571116,9.984826047435694
2021-10-20,0.14654626,9.984826047435694
2021-10-21,0.13784768,9.984826047435694
2021-10-22,0.15674914172078744,9.984826047435694
2021-10-23,0.16318563234782524,9.984826047435694
2021-10-24,0.15247085800571653,9.984826047435694
2021-10-25,0.1800155710017881,9.984826047435694
2021-10-26,0.12636562,9.984826047435694
2021-10-27,0.12451522,9.984826047435694
2021-10-28,0.14926538,9.984826047435694
2021-10-29,0.12735896,9.984826047435694
2021-10-30,0.14931601,9.984826047435694
2021-10-31,0.1690766,9.984826047435694
2021-11-01,0.14338773,9.984826047435694
2021-11-02,0.1620103,9.984826047435694
2021-11-03,0.2070320819390535,9.984826047435694
2021-11-04,0.14559458,9.984826047435694
2021-11-05,0.15027519,9.984826047435694
2021-11-06,0.15276457,9.984826047435694
2021-11-07,0.1390534,9.984826047435694
2021-11-08,0.16862483,9.984826047435694
2021-11-09,0.16399994,9.984826047435694
2021-11-10,0.15088981,9.984826047435694
2021-11-11,0.12578207,9.984826047435694
2021-11-12,0.1643515,9.984826047435694
2021-11-13,0.16042382,9.984826047435694
2021-11-14,0.17708892695959613,9.984826047435694
2021-11-15,0.18564233,9.984826047435694
2021-11-16,0.16095966,9.984826047435694
2021-11-17,0.15747158,9.984826047435694
2021-11-18,0.17632584,9.984826047435694
2021-11-19,0.1768664,9.984826047435694
2021-11-20,0.1848225,9.984826047435694
2021-11-21,0.1922234,9.984826047435694
2021-11-22,0.18037756,9.984826047435694
2021-11-23,0.2045214,9.984826047435694
2021-11-24,0.16463098,9.984826047435694
2021-11-25,0.1485318,9.984826047435694
2021-11-26,0.14184057798538857,9.984826047435694
2021-11-27,0.13841471,9.984826047435694
2021-11-28,0.13613938,9.984826047435694
2021-11-29,0.13780005,9.984826047435694
2021-11-30,0.16655186,9.984826047435694
2021-12-01,0.14289925,9.984826047435694
2021-12-02,0.13176702,9.984826047435694
2021-12-03,0.15298055,9.984826047435694
2021-12-04,0.14701164,9.984826047435694
2021-12-05,0.16384667,9.984826047435694
2021-12-06,0.14656167,9.984826047435694
2021-12-07,0.14999196,9.984826047435694
2021-12-08,0.17283188,9.984826047435694
2021-12-09,0.14405197,9.984826047435694
2021-12-10,0.16681255,9.984826047435694
2021-12-11,0.16834603,9.984826047435694
2021-12-12,0.18147886,9.984826047435694
2021-12-13,0.17831685,9.984826047435694
2021-12-14,0.11938307090730735,9.984826047435694
2021-12-15,0.12448761,9.984826047435694
2021-12-16,0.16159011,9.984826047435694
2021-12-17,0.14593478427436044,9.984826047435694
2021-12-18,0.1264254,9.984826047435694
2021-12-19,0.11110588,9.984826047435694
2021-12-20,0.14205097,9.984826047435694
2021-12-21,0.14921854487965805,9.984826047435694
2021-12-22,0.15659038368632924,9.984826047435694
2021-12-23,0.12630962,9.984826047435694
2021-12-24,0.13179722,9.984826047435694
2021-12-25,0.14576615,9.984826047435694
2021-12-26,0.17083596690593528,9.984826047435694
2021-12-27,0.1666280701804944,9.984826047435694
2021-12-28,0.10701683,9.984826047435694
2021-12-29,0.12578258,9.984826047435694
2021-12-30,0.14704815,9.984826047435694
2021-12-31,0.14828867,9.984826047435694
2022-01-01,0.15888576,9.984826047435694
2022-01-02,0.11916471,9.984826047435694
2022-01-03,0.11196358,9.984826047435694
2022-01-04,0.15113683,9.984826047435694
2022-01-05,0.12094392970197979,9.984826047435694
2022-01-06,0.1338106,9.984826047435694
2022-01-07,0.13143755,9.984826047435694
2022-01-08,0.12206608,9.984826047435694
2022-01-09,0.12567349,9.984826047435694
2022-01-10,0.13304086,9.984826047435694
2022-01-11,0.16761276,9.984826047435694
2022-01-12,0.16816595,9.984826047435694
2022-01-13,0.1410309,9.984826047435694
2022-01-14,0.2720444,9.984826047435694
2022-01-15,0.13212033,9.984826047435694
2022-01-16,0.13293792,9.984826047435694
2022-01-17,0.12228511,9.984826047435694
2022-01-18,0.12979858,9.984826047435694
2022-01-19,0.111702524,9.984826047435694
2022-01-20,0.085412934,9.984826047435694
2022-01-21,0.1489508,9.984826047435694
2022-01-22,0.12346375,9.984826047435694
2022-01-23,0.090998955,9.984826047435694
2022-01-24,0.13894968,9.984826047435694
2022-01-25,0.12387707,9.984826047435694
2022-01-26,0.11508724,9.984826047435694
2022-01-27,0.14776068804328743,9.984826047435694
2022-01-28,0.10982129,9.984826047435694
2022-01-29,0.1408389,9.984826047435694
2022-01-30,0.17529024,9.984826047435694
2022-01-31,0.16512059,9.984826047435694
2022-02-01,0.15543701,9.984826047435694
2022-02-02,0.14375834,9.984826047435694
2022-02-03,0.16286382,9.984826047435694
2022-02-04,0.13425592,9.984826047435694
2022-02-05,0.14838654,9.984826047435694
2022-02-06,0.15106946,9.984826047435694
2022-02-07,0.20559546,9.984826047435694
2022-02-08,0.18224572,9.984826047435694
2022-02-09,0.16713962,9.984826047435694
2022-02-10,0.1587074350989821,9.984826047435694
2022-02-11,0.17903978,9.984826047435694
2022-02-12,0.17490023575668423,9.984826047435694
2022-02-13,0.1448962642702498,9.984826047435694
2022-02-14,0.14792658122690142,9.984826047435694
2022-02-15,0.14668794,9.984826047435694
2022-02-16,0.16222955,9.984826047435694
2022-02-17,0.20379652,9.984826047435694
2022-02-18,0.1650977,9.984826047435694
2022-02-19,0.1598962,9.984826047435694
2022-02-20,0.12681283,9.984826047435694
2022-02-21,0.13062097,9.984826047435694
2022-02-22,0.122109935,9.984826047435694
2022-02-23,0.15569277,9.984826047435694
2022-02-24,0.15380689549919782,9.984826047435694
2022-02-25,0.15287065879950804,9.984826047435694
2022-02-26,0.15439475141560563,9.984826047435694
2022-02-27,0.13377577,9.984826047435694
2022-02-28,0.11009748,9.984826047435694
2022-03-01,0.11997779,9.984826047435694
2022-03-02,0.14179723,9.984826047435694
2022-03-03,0.0857104,9.984826047435694
2022-03-04,0.12283585,9.984826047435694
2022-03-05,0.1303204,9.984826047435694
2022-03-06,0.12795004,9.984826047435694
2022-03-07,0.13916203,9.984826047435694
2022-03-08,0.18706068,9.984826047435694
2022-03-09,0.18080486,9.984826047435694
2022-03-10,0.17518982,9.984826047435694
2022-03-11,0.1557567,9.984826047435694
2022-03-12,0.12341721,9.984826047435694
2022-03-13,0.15386719,9.984826047435694
2022-03-14,0.116061166,9.984826047435694
2022-03-15,0.11399486,9.984826047435694
2022-03-16,0.1252304,9.984826047435694
2022-03-17,0.13858972,9.984826047435694
2022-03-18,0.18096404,9.984826047435694
2022-03-19,0.16208641,9.984826047435694
2022-03-20,0.15490861,9.984826047435694
2022-03-21,0.11823796,9.984826047435694
2022-03-22,0.113168806,9.984826047435694
2022-03-23,0.120687015,9.984826047435694
2022-03-24,0.1362637569458936,9.984826047435694
2022-03-25,0.107008144,9.984826047435694
2022-03-26,0.12317230825358577,9.984826047435694
2022-03-27,0.113685556,9.984826047435694
2022-03-28,0.15989713,9.984826047435694
2022-03-29,0.14393889627974535,9.984826047435694
2022-03-30,0.118664965,9.984826047435694
2022-03-31,0.121896096,9.984826047435694
2022-04-01,0.14122921,9.984826047435694
2022-04-02,0.16849363,9.984826047435694
2022-04-03,0.13174766,9.984826047435694
2022-04-04,0.13078527116162358,9.984826047435694
2022-04-05,0.15224247,9.984826047435694
2022-04-06,0.15540914,9.984826047435694
2022-04-07,0.11382209548428339,9.984826047435694
2022-04-08,0.15621747,9.984826047435694
2022-04-09,0.13101412750278676,9.984826047435694
2022-04-10,0.13141407,9.984826047435694
2022-04-11,0.11434635658610527,9.984826047435694
2022-04-12,0.10103524,9.984826047435694
2022-04-13,0.16215056,9.984826047435694
2022-04-14,0.11171785,9.984826047435694
2022-04-15,0.11535685,9.984826047435694
2022-04-16,0.16134746,9.984826047435694
2022-04-17,0.14475782,9.984826047435694
2022-04-18,0.18263097,9.984826047435694
2022-04-19,0.11330106,9.984826047435694
2022-04-20,0.09501773,9.984826047435694
2022-04-21,0.11334926,9.984826047435694
2022-04-22,0.07635016,9.984826047435694
2022-04-23,0.0941624,9.984826047435694
2022-04-24,0.11442855,9.984826047435694
2022-04-25,0.130501,9.984826047435694
2022-04-26,0.13283905,9.984826047435694
2022-04-27,0.12684785,9.984826047435694
2022-04-28,0.19032232,9.984826047435694
2022-04-29,0.1432271,9.984826047435694
2022-04-30,0.11948953,9.984826047435694
2022-05-01,0.14823471379810768,9.984826047435694
2022-05-02,0.13899483,9.984826047435694
2022-05-03,0.13669744,9.984826047435694
2022-05-04,0.1312456,9.984826047435694
2022-05-05,0.13728285,9.984826047435694
2022-05-06,0.13850123,9.984826047435694
2022-05-07,0.1459492,9.984826047435694
2022-05-08,0.16034263908147003,9.984826047435694
2022-05-09,0.12924094,9.984826047435694
2022-05-10,0.10016743,9.984826047435694
2022-05-11,0.11212375,9.984826047435694
2022-05-12,0.15631808,9.984826047435694
2022-05-13,0.122763075,9.984826047435694
2022-05-14,0.11218906,9.984826047435694
2022-05-15,0.07860791,9.984826047435694
2022-05-16,0.107026495,9.984826047435694
2022-05-17,0.09354446,9.984826047435694
2022-05-18,0.09608622,9.984826047435694
2022-05-19,0.15757604,9.984826047435694
2022-05-20,0.09120588,9.984826047435694
2022-05-21,0.10265384,9.984826047435694
2022-05-22,0.1015282,9.984826047435694
2022-05-23,0.1071215,9.984826047435694
2022-05-24,0.20238848,9.984826047435694
2022-05-25,0.11251375,9.984826047435694
2022-05-26,0.11933931,9.984826047435694
2022-05-27,0.11857178,9.984826047435694
2022-05-28,0.09711434,9.984826047435694
2022-05-29,0.093373924,9.984826047435694
2022-05-30,0.09779487,9.984826047435694
2022-05-31,0.14190601,9.984826047435694
2022-06-01,0.12061846,9.984826047435694
2022-06-02,0.16376849,9.984826047435694
2022-06-03,0.16549766,9.984826047435694
2022-06-04,0.14917576,9.984826047435694
2022-06-05,0.21563236,9.984826047435694
2022-06-06,0.18651727,9.984826047435694
2022-06-07,0.11617090833585052,9.984826047435694
2022-06-08,0.11103860688533637,9.984826047435694
2022-06-09,0.17129412,9.984826047435694
2022-06-10,0.14155287,9.984826047435694
2022-06-11,0.11083570842350632,9.984826047435694
2022-06-12,0.17355654,9.984826047435694
2022-06-13,0.2269083,9.984826047435694
2022-06-14,0.14921259714434038,9.984826047435694
2022-06-15,0.20082827,9.984826047435694
2022-06-16,0.17478809,9.984826047435694
2022-06-17,0.16302894,9.984826047435694
2022-06-18,0.18198572,9.984826047435694
2022-06-19,0.19026788,9.984826047435694
2022-06-20,0.14561161,9.984826047435694
2022-06-21,0.15812952631594412,9.984826047435694
2022-06-22,0.12235292,9.984826047435694
2022-06-23,0.1890214,9.984826047435694
2022-06-24,0.10975521,9.984826047435694
2022-06-25,0.13333167,9.984826047435694
2022-06-26,0.12661113445690966,9.984826047435694
2022-06-27,0.12714994,9.984826047435694
2022-06-28,0.13192809,9.984826047435694
2022-06-29,0.15425791,9.984826047435694
2022-06-30,0.13608451,9.984826047435694
2022-07-01,0.118139476,9.984826047435694
2022-07-02,0.11031583,9.984826047435694
2022-07-03,0.11358524,9.984826047435694
2022-07-04,0.11974797,9.984826047435694
2022-07-05,0.14914601337999214,9.984826047435694
2022-07-06,0.10771888,9.984826047435694
2022-07-07,0.1784739,9.984826047435694
2022-07-08,0.11055557,9.984826047435694
2022-07-09,0.11445088,9.984826047435694
2022-07-10,0.12700136,9.984826047435694
2022-07-11,0.12332453263906723,9.984826047435694
2022-07-12,0.11782451,9.984826047435694
2022-07-13,0.15584509,9.984826047435694
2022-07-14,0.12109059,9.984826047435694
2022-07-15,0.09458466,9.984826047435694
2022-07-16,0.097213954,9.984826047435694
2022-07-17,0.113512576,9.984826047435694
2022-07-18,0.13045709497084818,9.984826047435694
2022-07-19,0.10958267,9.984826047435694
2022-07-20,0.09900543,9.984826047435694
2022-07-21,0.11764581242122012,9.984826047435694
2022-07-22,0.12256626874244321,9.984826047435694
2022-07-23,0.10454215,9.984826047435694
2022-07-24,0.13468493792308914,9.984826047435694
2022-07-25,0.099306844,9.984826047435694
2022-07-26,0.12766661,9.984826047435694
2022-07-27,0.12632836,9.984826047435694
2022-07-28,0.15095031,9.984826047435694
2022-07-29,0.13068384,9.984826047435694
2022-07-30,0.1412498,9.984826047435694
2022-07-31,0.18227692,9.984826047435694
2022-08-01,0.1675227,9.984826047435694
2022-08-02,0.15555748,9.984826047435694
2022-08-03,0.15386817,9.984826047435694
2022-08-04,0.1108968165899615,9.984826047435694
2022-08-05,0.12441791302236004,9.984826047435694
2022-08-06,0.12432796,9.984826047435694
2022-08-07,0.15487374,9.984826047435694
2022-08-08,0.13513003,9.984826047435694
2022-08-09,0.17246117,9.984826047435694
2022-08-10,0.1579759528692237,9.984826047435694
2022-08-11,0.11941517638047369,9.984826047435694
2022-08-12,0.18051444,9.984826047435694
2022-08-13,0.19705333,9.984826047435694
2022-08-14,0.15237133,9.984826047435694
2022-08-15,0.14864613,9.984826047435694
2022-08-16,0.11926819,9.984826047435694
2022-08-17,0.11050569,9.984826047435694
2022-08-18,0.10988325,9.984826047435694
2022-08-19,0.09791755,9.984826047435694
2022-08-20,0.11750612,9.984826047435694
2022-08-21,0.114638835,9.984826047435694
2022-08-22,0.137269,9.984826047435694
2022-08-23,0.13303126,9.984826047435694
2022-08-24,0.206354301495511,9.984826047435694
2022-08-25,0.092728935,9.984826047435694
2022-08-26,0.19155227,9.984826047435694
2022-08-27,0.16318557,9.984826047435694
2022-08-28,0.16715859,9.984826047435694
2022-08-29,0.18026951,9.984826047435694
2022-08-30,0.1726827,9.984826047435694
2022-08-31,0.17674312,9.984826047435694
2022-09-01,0.18411362,9.984826047435694
2022-09-02,0.18116383799215643,9.984826047435694
2022-09-03,0.17851975331938716,9.984826047435694
2022-09-04,0.16856068,9.984826047435694
2022-09-05,0.1756068,9.984826047435694
2022-09-06,0.1773275,9.984826047435694
2022-09-07,0.18878596,9.984826047435694
2022-09-08,0.19850886,9.984826047435694
2022-09-09,0.1879455,9.984826047435694
2022-09-10,0.18560085,9.984826047435694
2022-09-11,0.17571212,9.984826047435694
2022-09-12,0.17646557,9.984826047435694
2022-09-13,0.16098745,9.984826047435694
2022-09-14,0.16839683,9.984826047435694
2022-09-15,0.12426182,9.984826047435694
2022-09-16,0.17119257,9.984826047435694
2022-09-17,0.12586882794885162,9.984826047435694
2022-09-18,0.14103766,9.984826047435694
2022-09-19,0.15822887,9.984826047435694
2022-09-20,0.16117729,9.984826047435694
2022-09-21,0.131231414416386,9.984826047435694
2022-09-22,0.16636968,9.984826047435694
2022-09-23,0.14515754261633487,9.984826047435694
